w_0,e_0,d_0_1,b_0_1
0.036451947,0.14469169,0.31312552,1.5798416
0.8386901,0.01885956,0.084064975,1.4618318
0.73104537,0.24237904,0.014978985,0.69396126
0.59263414,0.15370442,0.014510622,0.33047137
0.5976582,0.020900019,0.06892408,0.5666753
0.15075988,0.023726894,0.29073712,1.4941704
0.400396,0.006931221,0.08330054,0.027767448
0.5582135,0.07684146,0.3646682,1.8289753
0.6635416,0.067939356,0.021804193,0.3479367
0.5465742,0.010500007,0.38910767,0.23013848
0.4703135,0.0020478794,0.012214868,0.103474855
0.8912797,0.0730223,0.1704904,0.9254993
0.26130092,0.04194212,0.36265427,0.21934031
0.52805394,0.02969042,0.075644314,0.30312473
0.2874397,0.00067151064,0.15362784,2.841626
0.24108127,0.015911687,0.35692865,0.2279908
0.2568468,0.031053314,0.17729317,0.22635446
0.36008936,0.08751724,0.36899117,1.0226753
0.6063413,0.0341427,0.05971021,0.44850668
0.6505231,0.042184908,0.04533122,0.30160925
0.7716454,0.24304336,0.015711516,0.17609471
0.8191865,0.045837346,0.06614375,0.51608276
0.41378364,0.12720756,0.19978873,1.261559
1.3545811,0.1005297,0.095053725,0.6099943
0.40209934,0.0462561,0.27820143,0.83899
0.31334665,0.039810468,0.28535873,0.11035525
0.35575733,0.01945524,0.3311774,0.43716243
0.7353245,0.052311394,0.012241768,1.181156
0.36674893,0.023806551,0.08601434,0.594152
0.32273942,0.17598496,0.29181305,0.2607754
0.07547827,0.023021493,0.43441042,0.6862333
0.45500952,0.02287863,0.021006431,0.085090935
0.3041666,0.045688227,0.24491763,0.15593597
0.6285565,0.19087072,0.02147816,1.2755232
0.6782619,0.16829039,0.03325535,0.68676937
0.66115475,0.04045825,0.1850912,1.6593388
0.49125648,0.082966976,0.055231325,0.15984845
0.96862257,0.025446128,0.016855586,0.48717746
0.7218882,0.20984633,0.2254728,0.16289812
0.5400707,0.15340775,0.18606092,0.08877268
0.6927886,0.010904436,0.03116667,0.08578704
0.866504,0.006248498,0.06091543,0.16916966
1.4316589,0.12523715,0.06579068,0.04017517
0.5459798,0.010994794,0.12920071,0.30683982
0.53131473,0.057656903,0.165769,0.00097593316
0.41091046,0.011190377,0.19150847,0.31972352
0.33585328,0.014494343,0.068085454,0.9355353
0.46933582,0.021962712,0.21911095,0.71498936
0.7593543,0.059580613,0.030437665,0.26642433
0.56411123,0.04327875,0.07201229,0.057537477
0.51872903,0.119792834,0.4385342,0.4605847
0.44712365,0.043723557,0.16938546,0.24287115
0.8054751,0.12890494,0.06925123,0.15088436
0.5479664,0.0026210444,0.001004946,0.59839976
0.7288842,0.0029325623,0.032887626,0.26346883
0.37828335,0.08733231,0.16880815,1.3563696
0.28836113,0.2225351,0.3158184,1.0153204
0.36668035,0.1551545,0.25308517,0.24314372
0.1374017,0.090763785,0.45739084,0.32368338
0.80408037,0.06354855,0.1149794,0.7241924
0.33108857,0.022130057,0.3280862,0.6881488
0.6327838,0.08069883,0.028878652,0.27936786
0.59812844,0.027130324,0.092928365,1.5551103
0.64579195,0.012064654,0.025285183,1.2160875
1.2893271,0.022217674,0.1424677,2.520558
0.21306843,0.050224457,0.2861195,0.55411273
0.14091264,0.010705452,0.41397956,0.65671164
0.42350024,0.022570012,0.26144165,0.41879758
0.7956355,0.21951164,0.0045017595,0.15896016
0.5909631,0.24834771,0.24482872,0.84174234
0.6690429,0.007756757,0.21259405,0.44085866
0.48601317,0.107507244,0.068503276,0.077022955
0.5293296,0.034372438,0.1381024,0.3980382
0.5691207,0.05102152,0.031230938,0.0035776314
1.1375554,0.019003319,0.09986333,0.91799355
0.5560194,0.036859147,0.033623736,0.006032785
0.5390083,0.06883609,0.04185633,0.121514164
0.42069602,0.009732424,0.10182347,0.6077386
0.5287366,0.02963622,0.15344545,0.23715939
0.51865363,0.017248115,0.03293648,0.25434613
0.80632097,0.103806786,0.022907894,0.44394508
0.5501837,0.05083498,0.1812558,0.23341134
0.2494208,0.031452607,0.19404414,1.3576773
0.13033652,0.0140517745,0.34476373,2.111033
0.49906877,0.16217764,0.4971136,0.06017047
0.6849717,0.03098372,0.09268889,0.15235455
0.43474072,0.044682678,0.12872675,0.77083445
0.3724643,0.100061335,0.12769353,0.28152385
1.0199232,0.3365134,0.053718884,0.18378547
0.48949242,0.118010625,0.2003663,0.53768176
1.3291856,0.014709872,0.0043392307,0.19062422
0.9119877,0.030153915,0.1769189,0.3619223
0.7386552,0.11525221,0.13012393,0.17313114
0.8365796,0.0054317126,0.011137181,0.43764997
0.277493,0.1634621,0.31641254,0.44506627
0.85511714,0.07513434,0.051697463,0.22652909
0.6324852,0.087016195,0.13945626,0.0752286
0.4946321,0.029032895,0.047809456,0.021605387
0.13958089,0.12927206,0.4255993,0.95588917
0.7681399,0.007863174,0.111157306,0.5927558
0.12114057,0.06799585,0.27347627,0.88610345
0.22035852,0.021101722,0.3198551,0.15903696
0.5148669,0.12771134,0.14324662,0.38436955
0.3166268,0.16461426,0.27120227,0.5362805
0.5939811,0.15785858,0.1225776,0.07720496
0.8570984,0.20735712,0.12715234,0.43678093
0.48450226,0.016653638,0.08736136,0.05002987
0.29694155,0.1356146,0.32353204,0.12104753
0.72894937,0.2619695,0.084700756,1.1826575
0.3987016,0.12535371,0.039075263,0.13363548
0.7590272,0.13096192,0.00047337374,0.22422409
0.55674666,0.057697486,0.033526406,0.41128165
0.37398127,0.05913147,0.01557104,0.15078396
0.22528547,0.047882505,0.22191422,0.9453859
0.642378,0.074240446,0.079935424,0.14540021
0.81164545,0.06615347,0.07087647,0.8746051
0.4969341,0.0006921464,0.3623552,0.7990324
0.46288902,0.042337254,0.02972952,1.1298677
0.26661405,0.021170894,0.30116954,0.37326303
0.5315463,0.13183591,0.4126787,2.118799
0.5637667,0.00800602,0.2056639,0.3236592
0.6277616,0.058052544,0.027106656,0.18528852
0.6592144,0.09194236,0.04631546,0.087182604
0.4666663,0.15263422,0.26178095,0.4635418
0.8028928,0.023287872,0.15463151,0.06332716
0.4327474,0.06571332,0.016653232,0.15147111
0.39911622,0.018410191,0.107249126,0.037881732
0.7990719,0.011595656,0.022474833,0.16854927
0.34789485,0.031307817,0.20187223,0.4277881
0.64159524,0.2703219,0.107622065,0.7896591
0.7298987,0.07300889,0.027028667,0.12509327
0.84679157,0.025518622,0.1247048,0.048780665
0.42084196,0.024536448,0.079991125,0.0049807085
0.251489,0.037541974,0.22557059,0.31601527
0.5629059,0.0685395,0.07584609,0.33012956
0.3054205,0.08866494,0.20181464,0.05149525
0.24224456,0.0736221,0.44612858,0.18601422
0.30235854,0.10051909,0.14874221,0.26585576
0.57511544,0.23231208,0.23132883,0.22421433
0.23279557,0.123400286,0.27829728,1.5847485
0.4533261,0.07989061,0.11891094,0.7661396
0.29095912,0.0153893,0.28981885,1.3441089
1.0429456,0.08891885,0.08948138,0.039924633
0.6937332,0.3374716,0.16470581,0.032383442
0.6063852,0.09240555,0.036779374,0.78693974
0.32988414,0.03601904,0.18247592,0.7644346
0.2913235,0.09111103,0.32855478,0.7427871
0.44591963,0.014051354,0.293602,0.86821127
0.37761918,0.013751266,0.12219213,0.77650857
0.12173907,0.01242408,0.2873986,1.1044359
0.17205328,0.016049972,0.58766955,0.23141417
0.6214406,0.15033628,0.4505593,0.114666335
0.55237466,0.031231618,0.13952494,0.037538268
0.6387578,0.12006278,0.05350819,1.1118158
0.31881955,0.0095409425,0.31493232,0.49824235
0.5786972,0.06733765,0.15865879,1.2052312
0.4439186,0.04115805,0.06414288,1.0268382
0.20408933,0.027994605,0.28461087,0.65070987
0.3449992,0.07794905,0.14925674,0.7434268
0.82699597,0.107663706,0.025500605,1.5810798
0.75156754,0.024615513,0.04924204,0.30517703
0.09857135,0.013712313,0.26719406,1.3525741
0.31039035,0.016175661,0.10526224,0.13328105
0.43616349,0.11735963,0.121599495,0.38670665
0.63627476,0.3090622,0.08963378,1.096651
0.55731153,0.015380006,0.043834604,0.86252695
0.6740049,0.0047346,0.07540647,1.3864653
0.5053817,0.015380065,0.031177098,0.034935847
0.534329,0.18051787,0.38845447,0.07704075
0.6702442,0.1076026,0.3827012,0.20896041
0.09159667,0.0060349545,0.57085884,0.55683374
0.5672177,0.09356457,0.051099166,0.3084647
0.09191845,0.0065945922,0.45721462,0.44759166
0.4903309,0.12355166,0.23792121,1.0975465
0.5468922,0.21767911,0.038566615,0.3146482
0.8930381,0.044269297,0.04306895,0.16456325
0.44389486,0.24068065,0.19454943,0.7814587
0.38140243,0.032087978,0.14238214,0.5293416
0.71155536,0.026650207,0.18733013,0.66026
1.0174106,0.08328102,0.59395385,0.38969353
0.40138954,0.06240687,0.20723529,0.15050215
0.67908174,0.083648264,0.14878003,0.10155218
0.4069356,0.0022823415,0.17660218,2.3364308
0.74335855,0.07528227,0.03667887,0.19943368
0.19593732,0.04279614,0.18802513,2.0163658
0.45954993,0.033273205,0.03140737,0.19633636
0.47941652,0.02374969,0.11684749,0.22356015
0.04329042,0.01725138,0.4364184,0.77196354
0.9249847,0.00606099,0.027992597,0.8643107
0.6081127,0.050481785,0.08801326,0.06385899
0.038901594,0.07763873,0.42896608,0.7159701
0.40125927,0.02863129,0.026775733,1.3097503
0.3461488,0.03674449,0.24391016,0.07255729
0.38705695,0.04369949,0.28047064,0.41258085
0.358441,0.028945874,0.17329538,0.9606309
0.49410352,0.014391124,0.14198136,0.06222215
0.464237,0.1369068,0.05619913,0.27774677
0.71462476,0.07512502,0.031582788,0.045811594
0.59207636,0.07648709,0.2407589,0.090558894
0.1662674,0.025126033,0.29460827,0.30082053
0.500398,0.07502071,0.05194725,0.5083807
0.48158273,0.116843626,0.047549058,0.03204428
0.4946163,0.07095642,0.116250955,1.4971404
0.7669878,0.120265,0.061699864,0.8865154
0.32927647,0.049114328,0.1489015,0.07206131
0.5229737,0.036091335,0.2947513,1.0303292
0.3221598,0.032691583,0.23236278,0.3325954
0.08605162,0.05112081,0.3294849,0.707163
0.15720187,0.14724368,0.35026175,0.4259756
0.94191533,0.004820827,0.028791456,0.13335049
0.41938886,0.03839521,0.3976648,0.19084476
0.6656595,0.010157918,0.0013223793,0.103767976
0.4197879,0.020258036,0.09993059,0.9728316
0.3630596,0.11765074,0.05829196,0.23433352
0.68543553,0.0460076,0.046650834,1.722125
0.37108067,0.2147422,0.22204985,1.7760024
1.1306666,0.12726001,0.04442809,1.0036582
0.20875235,0.007867375,0.25494963,0.73924667
0.4498084,0.032611225,0.006260075,0.6381864
0.04282367,0.014155617,0.35981882,1.8464321
0.7410987,0.079039134,0.085159905,0.41814217
0.6366928,0.19764037,0.049696226,0.47512388
0.67597127,0.07880582,0.22956395,0.13278465
0.34089822,0.08445994,0.30527395,1.3907826
0.22893532,0.031889036,0.26707134,0.86655444
0.7673004,0.07579309,0.088523224,0.46228793
0.5119838,0.017959883,0.20520303,0.7117251
0.14111425,0.019379806,0.6004426,0.6491408
0.32626104,0.033841558,0.38325062,0.13937378
0.56497383,0.2327515,0.111764826,0.8372586
0.92474484,0.15017162,0.04838785,0.004843098
0.114667125,0.08798612,0.59282833,0.88015175
0.51470584,0.09384414,0.6035063,0.2908992
0.69586676,0.0142181525,0.038877845,0.31840807
0.84109867,0.01659948,0.04665671,2.2235193
0.59683436,0.11529889,0.16256922,0.71747285
0.37234354,0.0604264,0.048020735,0.63619816
0.41716933,0.038366254,0.030628806,0.10032762
0.88175994,0.07547357,0.02188905,1.1492862
0.052572135,0.07573733,0.35061923,2.4655018
1.157984,0.047700856,0.026013877,1.0924582
0.06489805,0.034331683,0.36652726,1.3682626
0.17024417,0.07093833,0.3743331,2.0764735
0.5411943,0.02234372,0.16207382,0.8683543
0.3718839,0.055673584,0.07315656,0.01586117
0.47393784,0.010405328,0.1575077,0.15459843
0.5441975,0.015262036,0.04847058,0.9771795
0.39844814,0.100540444,0.11361634,1.203806
0.7512791,0.124990456,0.012433272,0.35072288
0.48203537,0.0059968103,0.20013955,0.045344222
0.26845926,0.0023012424,0.14532065,0.012089642
0.52575207,0.049111415,0.0822861,0.10480615
0.7595942,0.03473759,0.010558902,0.53107166
0.6784193,0.01523899,0.0998037,1.1332124
0.5204759,0.2029696,0.07238672,0.17371896
0.35438925,0.025521291,0.072401874,0.7841793
0.75276107,0.046681117,0.4134704,0.037355937
0.5273855,0.04345174,0.09738195,0.81190544
0.8224401,0.015452407,0.07237885,0.27773547
0.57332367,0.2136247,0.26283538,0.058013614
0.59255046,0.0906036,0.10285571,0.04693901
0.40778992,0.07547494,0.062283605,0.5348707
0.52830374,0.18597841,0.19996978,0.82939243
0.6955804,0.0008435769,0.18519169,1.9360797
0.7191696,0.016700389,0.26856774,0.015030436
0.8308478,0.22745681,0.024993472,0.18147732
0.62897265,0.109501734,0.13976778,0.5436658
0.46418834,0.12971392,0.1762996,1.3212085
0.62348086,0.054801084,0.1151471,0.8269661
0.5144715,0.08766086,0.09006955,0.4638367
0.2290114,0.011288668,0.15762892,1.249625
0.43346184,0.044222914,0.36224574,0.39379525
0.6729986,0.018121868,0.06603672,0.40439582
0.6000245,0.319464,0.26488084,0.078995064
0.48315707,0.11243114,0.06539751,0.2752443
0.82885677,0.08202623,0.1658836,0.4573942
0.09574979,0.050141245,0.28990665,1.0486267
0.7443591,0.08530988,0.04886784,0.5296254
0.16774353,0.008994863,0.4138485,0.97524804
0.04879268,0.002944127,0.32092103,0.8324058
0.36277118,0.051645096,0.28741357,0.2666099
0.11931773,0.076638624,0.33261302,1.3042868
0.60159343,0.015295162,0.0023019726,0.19526173
0.46776083,0.015538952,0.1482946,0.016962264
0.73544973,0.19909303,0.0055452934,0.6983607
1.0097024,0.0965269,0.10223556,0.7057437
0.4733992,0.0640279,0.24207488,0.85455215
0.88124865,0.06331476,0.082532324,0.5699858
0.5805313,0.06395579,0.0033882526,0.2820269
0.5721665,0.20668119,0.33463708,1.2314112
0.6920256,0.087777734,0.07372015,0.5746405
0.62901115,0.16683754,0.06478016,0.14655128
1.3038743,0.16061021,0.017061805,0.13184418
0.9377075,0.1365041,0.09022212,0.73856723
0.48872408,0.026229454,0.04222734,1.1785278
0.35300863,0.027303882,0.20906512,0.5907835
0.45176068,0.020619718,0.010914058,0.60349554
0.30019152,0.020628884,0.2297825,0.6345913
1.2032266,0.015597033,0.11765202,0.044034444
0.5111353,0.19701494,0.14097458,0.33528006
0.32883635,0.13105604,0.580644,0.062731124
0.6370455,0.07019224,0.19848736,0.3833064
0.49699795,0.011304434,0.24497928,0.118610695
0.5522472,0.13974881,0.010941692,0.3255471
0.18649632,0.044289894,0.25800762,2.2098677
0.50353533,0.05185091,0.2936566,0.2716233
0.6702258,0.057253957,0.08702408,0.3278751
0.30496383,0.24111237,0.38704053,0.32576367
0.12731056,0.034342922,0.36648244,1.7037911
0.572491,0.04713711,0.047168892,1.239634
0.5790033,0.009212379,0.0045382334,0.75028914
0.5217906,0.29942212,0.29079798,0.040326085
0.53814936,0.045261987,0.05796127,0.7585925
1.158777,0.039970607,0.07134324,0.35642117
0.1380613,0.005843652,0.32296923,0.8027875
0.3640588,0.0035134347,0.17474928,0.7972198
0.9537639,0.025099568,0.07846134,0.004146753
0.27458808,0.0706554,0.2230973,1.4545912
0.10070084,0.017212836,0.35843503,0.41251594
0.9363963,0.09878142,0.17143495,0.36072084
0.6082716,0.07829137,0.008478804,0.48438683
0.48268127,0.055979878,0.18559054,0.53983724
0.6443694,0.1386395,0.16201776,1.011154
0.23324302,0.045006588,0.1515864,0.5792502
0.80821764,0.015223933,0.12690137,0.8513019
0.531723,0.19620807,0.17634177,0.43262342
0.37752113,0.21602827,0.22293653,0.44673404
0.50110555,0.06643211,0.1778733,1.2436193
0.6805148,0.060035583,0.003988281,0.64244556
0.6473895,0.049281996,0.1585606,0.05536901
0.3230738,0.0007698625,0.14490816,0.15486966
0.5594446,0.004253807,0.020431358,2.5392983
0.49860144,0.10711044,0.1597292,0.16841301
0.8405646,0.13959415,0.0467905,0.49474216
0.9366783,0.078779995,0.052032445,0.16018735
0.3104032,0.05114162,0.09831877,1.0436339
0.46089497,0.040741324,0.02911472,0.17295921
0.15542269,0.1355903,0.39670828,0.9109414
0.43983015,0.08038106,0.10499814,0.25542405
0.2380818,0.002279393,0.48999533,0.4757055
0.5512517,0.050581362,0.1172982,1.2595799
0.37193936,0.030415734,0.10353603,0.021654977
0.5670303,0.12598073,0.022262916,1.2065918
0.6000779,0.03693285,0.015287046,0.103985235
0.19832435,0.10595331,0.23261379,0.25121588
0.6908679,0.0806349,0.30171648,0.30201554
0.40328664,0.014968154,0.011531833,0.5555274
0.32611144,0.055031996,0.2344385,2.1003675
0.35669795,0.101298556,0.26390332,1.3027487
0.48134753,0.081100285,0.33325902,0.1262033
0.476936,0.165377,0.17057645,0.7590682
0.47972584,0.053803883,0.054481126,0.27899507
0.39356583,0.13861883,0.051211152,0.59269
0.3925192,0.06079869,0.06664761,0.98858607
1.0446911,0.030463913,0.016416067,0.101264924
0.29020774,0.07638625,0.22066401,0.1528266
0.37798077,0.120587215,0.25518614,0.030758385
0.9460469,0.07407935,0.24130182,1.9717089
0.4216777,0.03446286,0.09761805,0.2536374
0.33220592,0.00659898,0.18995436,0.6731961
0.5851644,0.00040887576,0.081882164,0.118883446
0.6839414,0.18378748,0.22649273,0.14938657
0.55553305,0.057968717,0.066144384,0.21493873
0.8560937,0.16588603,0.067549646,0.11632809
0.05148133,0.107787766,0.2988486,1.8090407
0.21358337,0.0110674845,0.34071884,0.062243722
0.66323036,0.021817036,0.044691477,0.0014759033
0.46202424,0.021601204,0.14734429,0.6084165
0.64308804,0.11039564,0.043371104,1.343128
0.16307835,0.061071925,0.2176484,2.1571085
0.65335274,0.11233752,0.025453756,0.8257429
0.5906626,0.07000866,0.08251098,0.43541846
0.7936409,0.0057356725,0.051131595,0.0021406964
0.83163357,0.0063326736,0.0029197007,0.14660874
0.68638146,0.09970092,0.049192026,0.36095572
0.83675265,0.061175678,0.00087783276,0.19834335
0.0076747313,0.09580089,0.39923018,0.9079261
0.18085545,0.054555703,0.35983935,0.7266692
0.39219636,0.1329349,0.3242476,0.08585702
0.679179,0.050487794,0.004447963,0.75417143
0.50650936,0.1183292,0.24988194,0.87056786
0.6547079,0.13105793,0.03978972,0.2383794
0.3463966,0.0050656223,0.277884,0.05307433
0.42736235,0.0010928661,0.044853862,0.8790718
0.20622966,0.025126075,0.2657912,0.32060072
0.45749632,0.0331984,0.06118713,0.36560777
0.5152553,0.28598318,0.17948686,1.6649957
0.3989626,0.029587187,0.20017646,0.5593477
0.29497728,0.0034600163,0.14896609,0.7902313
0.11137569,0.009183598,0.24081756,1.4138273
0.5661087,0.12317574,0.19169468,0.7495689
0.7145052,0.11908531,0.10938976,0.3539876
0.17242055,0.07527365,0.1458156,1.1881356
1.0136163,0.020796422,0.16027123,0.29068145
0.58313185,0.21254554,0.09296286,0.03381253
0.6592528,0.088643976,0.053513907,0.6796305
0.4045907,0.017000735,0.021192856,0.03265257
0.36092523,0.0120085,0.30407023,0.46283838
0.34689742,0.01711171,0.10254689,0.8191862
0.7396728,0.023756148,0.2730376,0.06344686
1.0527375,0.27687246,0.22469491,1.2077826
0.07209966,0.053904913,0.27988157,1.1590782
0.5736263,0.034038994,0.15597586,0.3119716
0.33140242,0.13806929,0.42795888,1.4782172
0.280873,0.04163828,0.3979442,0.7896231
0.76673824,0.048491593,0.1331089,0.11287581
0.4256004,0.066802174,0.25112444,0.53619033
0.6372093,0.25665447,0.07936681,1.3002295
0.8237844,0.024577789,0.065862104,0.25833035
0.3338097,0.15973097,0.24360254,0.963478
0.72829497,0.0012988395,0.15491945,0.73864883
0.48128372,0.027260654,0.014735765,0.017248642
0.5985181,0.060128093,0.14147009,2.6825624
0.29111877,0.056317132,0.15531467,0.83412296
0.2916522,0.010021547,0.2464211,0.65292597
0.020805199,0.06852285,0.2783401,0.76407677
0.48625633,0.009411118,0.042365324,0.10330612
0.8110039,0.06761288,0.13561006,1.0340829
0.51689947,0.060482766,0.17159504,0.28612223
0.57487917,0.0688759,0.040736236,0.32944545
0.7129271,0.024879133,0.002128872,0.49354258
0.48323384,0.2115959,0.22002964,0.1489335
0.22706267,0.08933436,0.41101673,0.05673313
0.6476155,0.008470834,0.034908745,0.15972497
0.6058002,0.09644698,0.08253418,0.74557257
0.3867557,0.054787826,0.10700798,0.6340613
0.9972137,0.13241856,0.10221646,0.0553824
0.43728116,0.0017431013,0.12595206,0.15557906
0.5459805,0.043506995,0.039766725,0.20252362
0.393724,0.087336086,0.20978531,0.2974244
1.125574,0.044343922,0.029294215,1.9516188
0.0039067436,0.043180797,0.59341073,0.5935698
0.49983874,0.0058665685,0.35489815,2.1668122
0.40770146,0.010791547,0.26954788,0.692952
0.56072384,0.062386468,0.050219085,0.9394632
0.6691593,0.0088499235,0.043381467,0.30025318
0.55314946,0.090877,0.037671056,1.4190608
0.9686959,0.03773495,0.45875272,0.5348011
0.57453203,0.10579688,0.19087195,1.273232
0.40845728,0.24781053,0.32621893,0.57456475
0.7701595,0.027427018,0.06039608,0.20816629
0.51406044,0.013794827,0.005319521,0.64310735
0.07956013,0.021896709,0.32187426,1.1020544
1.1904203,0.0058730114,0.021567523,0.7262912
0.27567947,0.025306713,0.16987783,0.44530424
0.5127047,0.059612002,0.123711,0.343317
0.3096497,0.046001304,0.26408738,0.767962
0.47489935,0.0670245,0.1244202,0.32973793
0.5657749,0.044516448,0.08692249,0.15554602
1.0394137,0.15819298,0.062098615,0.14701638
0.53852576,0.0061356523,0.5403428,0.42262146
0.83712876,0.10835486,0.0819875,0.48867187
0.9001721,0.05904223,0.07858842,0.19967714
0.6313808,0.07675063,0.14054917,0.86010194
0.46063116,0.060528975,0.102724575,0.6260101
0.47899202,0.030781904,0.021205897,0.2781113
0.5354939,0.120218255,0.12365307,0.19892669
0.17038348,0.089593306,0.36462086,1.0940291
0.7944805,0.27922428,0.5130896,0.14178915
0.32126448,0.04747797,0.12777457,0.77595496
0.4286632,0.07263245,0.19469436,0.71556824
0.6564769,0.050599407,0.28244084,0.23227163
0.66476995,0.13670705,0.015542199,0.2468274
0.41603008,0.08464306,0.34393838,0.029399622
0.32708612,0.025678316,0.12472725,0.07864875
0.77581346,0.042833757,0.01581903,0.21727605
0.4683652,0.06002184,0.12083868,0.19505884
0.25052726,0.09198367,0.31653225,0.26947787
0.8867887,0.07092599,0.03636051,0.7240155
0.6801742,0.0958451,0.079028234,0.059608817
0.4666089,0.066899054,0.28684336,0.41002148
0.64760375,0.17708658,0.052617293,0.07229369
0.21088593,0.07959455,0.3568908,0.5386078
0.9143179,0.04897886,0.10493528,0.021915702
0.7416352,0.059370637,0.0037289856,0.78444266
0.85471237,0.08460174,0.0077796187,0.7424672
0.5919193,0.0017018262,0.082373746,0.45935676
0.96142244,0.060285244,0.17885512,0.85879886
0.18890174,0.00014635973,0.31963503,0.4207948
0.4222451,0.059080955,0.5954991,0.53172135
0.4478077,0.008623988,0.059624296,0.56878865
0.59265745,0.01092876,0.090297975,0.73477966
0.13156328,0.025534851,0.2727203,3.177745
0.35482222,0.048348587,0.30139226,0.35871187
0.5527221,0.13047945,0.056807876,0.6830863
0.109098,0.030320928,0.32467717,0.5392507
0.24183252,0.04620468,0.2623084,0.31068683
0.34494957,0.020401312,0.2807467,0.16563971
0.29069692,0.05839892,0.20660366,0.043896668
0.23709908,0.008915134,0.36817083,0.63154346
0.8305899,0.14116849,0.028625462,0.34301087
0.3923386,0.049278107,0.035612766,0.54708683
0.4638103,0.07888264,0.21981475,0.09701651
0.5236277,0.081853434,0.06710543,0.086494476
0.857736,0.0064942315,0.062190942,0.032939207
0.80655754,0.04131775,0.05098173,0.25807407
0.2857458,0.008807346,0.17904802,2.595662
0.7629534,0.06821572,0.024633031,0.00941893
0.67856413,0.20059992,0.27141866,0.15298136
0.8548675,0.0711477,0.047718294,0.39266488
1.2562826,0.23133506,0.10134818,0.09363712
1.4940765,0.12328522,0.098729,0.8847992
0.04848623,0.108106785,0.31297386,1.6198553
1.0792156,0.00016642579,0.27302635,0.016383324
1.3254155,0.04184942,0.26217362,0.14933294
0.5807154,0.059794936,0.16566032,0.41387892
0.29900602,0.03129712,0.11312847,2.3465567
0.20275067,0.040509675,0.4734825,2.051858
0.5078771,0.1445858,0.18182187,0.10209352
0.45747986,0.18490197,0.21522473,0.7145787
0.3891955,0.03538133,0.31398746,0.11823043
0.6028722,0.024268353,0.11977878,0.023548918
0.21772246,0.009650118,0.15237798,0.29128915
0.5053855,0.2932013,0.06732,1.2875737
1.1550564,0.036504045,0.0058949324,0.32898468
0.6827959,0.011697874,0.12640812,0.21455991
0.4805719,0.032741107,0.05042317,0.032848936
0.06290289,0.019242622,0.33805677,2.0790274
0.5610466,0.043105777,0.079076074,0.16034396
0.3765932,0.015825361,0.04698746,1.7633885
0.64802456,0.115549855,0.07935591,0.013456611
1.0735822,0.161433,0.05013467,0.27478054
0.62316847,0.004557345,0.027546026,0.12381862
0.55217665,0.29790252,0.10820291,0.30827683
1.5833368,0.06960216,0.34043017,0.15105994
0.34881356,0.03485224,0.15570438,1.5723312
0.53162193,0.07045807,0.03270859,0.05176284
0.74919474,0.07899678,0.06458706,0.18542594
0.4281918,0.0369192,0.14008278,0.5311491
0.6834084,0.08306327,0.08011209,0.53313285
0.19027373,0.01364949,0.14632572,1.3484646
0.5018465,0.07542142,0.065814435,0.16113517
0.13216317,0.009147572,0.2380898,1.3748195
0.56524575,0.0657492,0.10888573,0.035360724
0.6247006,0.13608015,0.021770127,0.6794488
0.313931,0.011044238,0.25294212,1.4281607
0.5330661,0.04593541,0.11655835,0.03669717
0.6166643,0.09037027,0.086054884,0.24732393
0.5484847,0.026955977,0.17566095,0.084842965
0.549364,0.06584101,0.058689736,0.3857408
0.87904745,0.020064496,0.030921359,0.2557964
0.19366673,0.05491465,0.23445879,1.1495855
0.18653902,0.0124155395,0.27086937,1.0963564
0.524881,0.027532397,0.113287985,0.2024196
0.575782,0.04418743,0.20015873,0.229988
0.5436689,0.006083856,0.08026187,1.3445479
0.39937446,0.05709404,0.33796802,0.15793799
0.38609067,0.10505469,0.24003692,0.68260765
0.5634977,0.03484226,0.110893115,0.15848401
0.35830042,0.011201304,0.46243486,0.7063611
0.48890916,0.05229516,0.27870208,0.10242272
0.6812912,0.00832496,0.26057595,0.27495158
0.27576026,0.04173866,0.20059466,0.81169456
0.33663514,0.050454702,0.41314763,1.4822619
0.3440686,0.117569536,0.3191761,0.3233885
0.474107,0.0024907854,0.09812503,0.45880014
0.26589715,0.045284152,0.6194448,0.11631155
0.56168854,0.05220744,0.08707488,0.2623438
0.1627403,0.020642929,0.24430776,0.49869156
0.17964213,0.039302286,0.32397026,0.5651897
0.5235648,0.03348984,0.2760614,0.25041685
0.5378156,0.23702803,0.07972592,0.7693463
0.11970361,0.01585853,0.33058876,1.5602088
0.22974974,0.034035876,0.11051507,1.0346776
0.5710419,0.026015665,0.16604586,0.6554652
0.41209427,0.03264424,0.09679379,0.203529
0.40746346,0.054883655,0.12671567,0.31157348
0.960337,0.029330766,0.10859942,0.050237115
0.2217429,0.044419553,0.11967129,0.65696716
0.75976527,0.043079875,0.32401994,0.07059586
0.29027444,0.0325182,0.4409792,0.30045104
0.4435526,0.011319079,0.27240297,1.4391872
0.21819843,0.027995883,0.25409707,0.38301
0.58398503,0.13861027,0.08771872,0.22053246
0.76861864,0.120687716,0.01737548,0.1870574
0.3398204,0.025329383,0.061729126,0.4830082
0.5380478,0.0010479074,0.14703053,1.1949055
0.18805891,0.030946907,0.24039422,0.4071413
0.6563048,0.13556407,0.06892911,0.45733002
0.36582127,0.022312498,0.14573719,0.72573006
0.11363357,0.112997115,0.27058953,0.87330866
0.48178872,0.09120627,0.059781812,0.09971885
0.96317446,0.008229365,0.006842945,0.083495475
0.72522414,0.04956718,0.07649276,0.25030527
0.5129114,0.0077590686,0.07941334,1.0133188
0.4161153,0.019196605,0.07563323,0.13404633
0.42073944,0.09236623,0.1938196,0.9197576
0.34801129,0.02335956,0.2697804,0.6518653
0.82441264,0.038189303,0.03535441,0.23312293
0.27373084,0.059079766,0.3764282,0.11606626
0.45039806,0.025949398,0.025432833,0.24482393
1.0941626,0.02345961,0.12674353,1.1599454
0.35022807,0.020524092,0.7516184,0.7878752
0.5826813,0.027466359,0.0013155191,1.94346
0.47584575,0.05285388,0.19351757,0.4206573
0.37728924,0.0048677875,0.27306762,0.09333326
0.4947991,0.0135598695,0.07738625,0.26974154
0.22980997,0.013598468,0.4999094,0.791207
0.21660408,0.002314765,0.2519648,0.61702144
1.0070206,0.05180756,0.27946427,0.10099268
0.4082402,0.044478998,0.074700944,0.02670401
0.0015828839,0.10878118,0.5769568,0.87348366
0.7191716,0.13356106,0.043161307,1.4503355
0.55845857,0.13177185,0.07521969,0.83277047
0.5173835,0.03252664,0.0716236,0.71290106
0.24844778,0.0004367416,0.6630652,0.14681824
0.90786535,0.11544769,0.024963649,1.7513324
0.59357893,0.14061722,0.17005706,0.11243836
0.62486476,0.13139448,0.0055790143,0.16366142
0.8981972,0.27204117,0.036473975,0.07237445
0.3487165,0.2067997,0.1974997,0.3324084
0.33870462,0.00990441,0.2347034,1.156717
0.5498283,0.001878748,0.089506455,0.087469056
0.5240352,0.03481846,0.071023285,0.41799968
0.057876084,0.06504839,0.28892636,1.5217729
0.44961846,0.08748643,0.17003131,0.9668374
0.3831169,0.08296668,0.19363347,0.8572464
0.5938118,0.090080775,0.1185868,0.10242665
0.8923044,0.13123421,0.21382591,0.14049678
0.3126364,0.03647648,0.17529753,0.46157846
0.87977576,0.14172888,0.21128069,0.8907447
0.3618032,0.07975265,0.6613539,0.73613
0.4676071,0.03853038,0.08572025,0.6525065
0.067371264,0.041252725,0.34394494,0.77418786
0.6334417,0.012351578,0.022055544,0.94742596
0.57184744,0.12207378,0.090151526,0.20514303
0.28084937,0.05405477,0.33328062,0.79306173
0.8179376,0.05781354,0.095634274,0.51637614
0.4646657,0.018030109,0.012890698,0.11802626
0.6441391,0.022301905,0.08875976,0.5158968
0.46705902,0.035501283,0.17500728,0.15467037
0.6532819,0.030428886,0.023695013,0.40874055
0.4752218,0.06457361,0.20460324,1.545241
0.27219245,0.128493,0.38695604,0.6488082
1.0120192,0.1568178,0.13674882,1.0801679
0.3609409,0.047359206,0.14619938,0.58061236
0.56348157,0.019480517,0.041316498,0.4438501
1.1004307,0.06694521,0.12638979,0.07829034
1.0991355,0.026308289,0.12713152,0.32974023
0.7672672,0.04502709,0.050819047,0.07133433
0.09765782,0.041568283,0.3199589,0.87398124
0.25639114,0.0041427664,0.25267264,1.3468114
0.008649101,0.1670165,0.5077705,1.352106
0.5249295,0.092112385,0.08180328,0.87542236
0.1940316,0.053981,0.21657015,0.4138736
0.94004023,0.0027530543,0.11806331,0.60931563
0.47976625,0.05049859,0.36499637,0.49095544
1.0609167,0.039312612,0.05228329,0.39662075
0.30481812,0.17016198,0.19353624,0.4048035
0.21474248,0.008055915,0.23469096,0.46291095
0.5697979,0.05671255,0.0031900709,0.36794382
0.28166,0.11311714,0.15252286,0.801627
0.24601226,0.029276151,0.522578,0.2703528
1.394374,0.17592616,0.09099489,0.050537713
0.9359196,0.035232686,0.05400292,0.4192628
0.5517572,0.009806297,0.057425812,0.7229571
0.4821844,0.09471136,0.14661705,0.1240074
0.4221347,0.018037425,0.054015025,0.309243
0.34827584,0.06630304,0.12994929,0.34997416
0.27472326,0.09246613,0.3839149,0.46893975
0.39569575,0.072556935,0.4553939,2.0406005
0.48258013,0.07618456,0.7273788,0.40716776
0.75836486,0.122395545,0.2682716,0.050267633
0.8157246,0.1570264,0.2731017,0.26503628
0.29841986,0.07993927,0.116924465,0.8833328
0.25872126,0.0013270398,0.1409607,0.5069218
0.34264514,0.009467782,0.38566458,0.24949144
0.6183218,0.09022914,0.028540809,0.075941704
0.82286036,0.025275158,0.068649806,0.13430534
0.42253602,0.035401914,0.029725842,1.3334776
0.58891684,0.22670497,0.19580744,0.27471226
0.5554752,0.023380227,0.09002596,0.27585527
0.2790446,0.11743296,0.24756418,0.27284765
0.5198907,0.044315718,0.053498633,1.0529015
0.61587757,0.0217628,0.045721516,0.050519764
0.81462,0.049285837,0.07807618,0.25207886
0.20393278,0.010796024,0.18345335,1.5587014
0.29388857,0.0498446,0.13070427,0.30488867
0.55018693,0.030939912,0.27362153,0.08947406
0.8128535,0.014113043,0.047939483,0.21902062
0.6048318,0.07638579,0.028180052,0.3191849
0.12666592,0.085849345,0.31114945,0.7424734
0.55477273,0.14366153,0.05587393,0.30519158
0.37177035,0.01342449,0.18601325,0.4867316
0.43077487,0.10801385,0.19695413,0.25582677
0.47903776,0.008328304,0.100937344,0.7614334
0.38049126,0.05605586,0.14933376,0.49457538
0.61948687,0.2147596,0.10467077,0.3799644
0.2759878,0.050814852,0.058695976,1.1423771
0.5078419,0.081231125,0.07577123,0.76455104
0.55611163,0.1715518,0.045039732,0.2456292
0.6427544,0.15562628,0.014849036,0.13105857
0.3824581,0.0013670105,0.1653804,0.66803527
0.8537642,0.0037668478,0.18934761,0.50545084
0.7416839,0.06393676,0.09741826,0.7484396
0.7407379,0.08483934,0.040646765,0.4280775
0.720889,0.017867409,0.053698163,0.6066087
0.029285293,0.06713761,0.38383192,3.1037467
0.41849056,0.10914334,0.11902599,0.60347915
0.81524503,0.26199374,0.0036924423,0.5920329
0.040274337,0.010984637,0.5422209,0.89752305
0.58990127,0.046135772,0.06265974,0.011357211
0.691046,0.017454859,0.07478564,0.34815055
0.26984513,0.0226596,0.19558911,0.20021911
0.6328207,0.037897177,0.110421844,0.14962709
0.7955506,0.03819003,0.024440503,0.20010191
0.41826293,0.070417635,0.09379079,1.072401
0.29210505,0.06234538,0.39975977,2.4736876
1.0793331,0.18395948,0.01685423,0.16247815
0.38278237,0.029653428,0.1239674,0.7988523
1.029315,0.21778667,0.07104292,0.82300186
0.769702,0.060238406,0.03401193,0.3222793
0.28891596,0.034344945,0.17850211,1.6383163
0.6309475,0.0060332045,0.15459724,0.35124382
0.83167994,0.09430879,0.011457454,0.08607551
0.61831933,0.117418505,0.044499032,0.06284508
0.3991723,0.08338894,0.0716812,0.87397003
0.3017347,0.03874147,0.21417074,0.62316614
0.107699946,0.005971608,0.35295674,0.7165403
0.2720498,0.0059678676,0.13984771,0.9174387
1.0635326,0.009928014,0.17864674,0.087681875
0.19719797,0.017706914,0.16178586,0.4836038
0.4834726,0.00478369,0.007286792,0.32108888
0.27853137,0.066571586,0.28060806,0.55131763
0.5344824,0.066192284,0.10888694,0.36940897
0.99999434,0.072751895,0.076271035,0.7764425
0.4638179,0.01704669,0.044797465,0.422582
0.8262766,0.16631117,0.038213383,0.8232793
0.5064956,0.06000091,0.328816,0.29158238
0.2803264,0.16265184,0.23773347,0.8596092
0.31742212,0.018869082,0.12993337,0.2667941
0.120618016,0.07746236,0.6963333,0.34385997
0.7492413,0.045356147,0.01971881,0.81650275
0.6116305,0.074964724,0.255718,1.0422982
0.6125,0.024135817,0.1544777,0.04966943
0.78312016,0.061452635,0.039246812,0.49873856
0.6991455,0.37164667,0.14510453,0.6702588
0.4234495,0.046261072,0.06675233,2.5895643
0.44999406,0.14549637,0.1468955,0.8100544
0.16429129,0.0978952,0.5161581,1.1499088
1.642269,0.042218734,0.06580007,0.2590686
0.15439415,0.083784804,0.66285133,0.28794
0.20009184,0.114022814,0.24521127,2.206013
0.4954124,0.15379354,0.17820492,0.15409774
0.4837523,0.027574634,0.14341058,0.0428502
0.338346,0.046438053,0.19122346,0.69473034
0.48567855,0.0382742,0.04245959,0.1167826
0.6140418,0.022634547,0.10763737,1.4592266
0.10725701,0.030113997,0.22524494,1.8971387
0.65778154,0.049359582,0.09409597,0.49936423
0.80650586,0.1233005,0.034177013,0.40026128
0.59524333,0.013603935,0.08295095,0.631178
0.21823195,0.009453545,0.28416,0.21599658
0.44379854,0.11935821,0.07282519,0.0005731601
0.24067119,0.06887246,0.23058726,0.39868912
0.16573066,0.09061249,0.730533,0.9250814
0.61394596,0.12699156,0.030698443,0.2546354
0.9246223,0.13063742,0.016400194,0.118701816
0.26963797,0.08242622,0.22653511,0.9941444
0.3617609,0.0071614482,0.1747212,0.08501256
0.38921565,0.08348459,0.073658854,0.8303952
0.15913591,0.06787372,0.2954827,0.54963523
0.32895383,0.020697068,0.16009894,0.07578203
0.69663274,0.22543497,0.040222824,0.8252873
0.5064691,0.030766325,0.056851134,0.44944745
0.13256949,0.019310668,0.42886192,0.630007
0.7345235,0.00338625,0.07501259,0.60073197
0.14658493,0.0629882,0.42910925,0.4980128
0.003274172,0.1906923,0.5251998,0.57469875
0.62542236,0.027785981,0.08242344,0.019785257
0.25757813,0.11560001,0.26779577,0.32234505
0.637657,0.011450862,0.20951146,2.3724158
0.14366987,0.27557936,0.33749306,1.1772515
0.35454565,0.010451036,0.0635065,0.18039292
0.5278702,0.17554928,0.1353135,0.21183623
0.27910364,0.0026931502,0.20488238,1.4007167
0.5506119,0.04488542,0.050190583,0.36342135
0.34386963,0.120382056,0.20235349,0.9607139
0.5747992,0.037319656,0.041850384,0.28083703
0.34239218,0.009718452,0.33520332,1.3022084
0.7087552,0.026267292,0.13860615,0.42617753
0.34125122,0.11145802,0.090957254,2.6297042
0.3817635,0.0013034767,0.16656606,0.026499296
0.5153635,0.09809428,0.0670482,0.5633326
0.31206393,0.009771578,0.25050667,0.29915106
0.43637323,0.041188974,0.071880706,0.11297034
0.73437005,0.21472713,0.06747141,0.49998602
0.51786536,0.017880416,0.15614538,0.24773802
0.12610357,0.014008683,0.4992952,0.24777168
0.3398378,0.029793533,0.12537204,1.261416
0.619797,0.026568346,0.09742119,0.58932704
0.49396792,0.029596627,0.072060965,0.4051853
0.58999455,0.11452732,0.04038539,0.8068707
0.83499146,0.06607469,0.20509173,0.4482759
0.36792064,0.011956031,0.2663689,0.2319908
1.3701522,0.036302976,0.016681733,0.115189195
0.8299496,0.28018236,0.067637764,0.28946298
0.5382256,0.0147612365,0.13009003,0.9123247
0.044825252,0.0846154,0.40427646,0.49913654
0.6155583,0.034049485,0.17444327,0.10215784
0.6250436,0.019456789,0.016043898,0.029525429
0.7245698,0.12581521,0.09045219,0.03344025
1.3205416,0.054681506,0.027253162,0.57519937
0.23146427,0.023735462,0.12989564,0.4588578
0.22672556,0.0330996,0.1446297,0.07741805
0.50094795,0.009241333,0.036568966,1.252365
0.11067502,0.004158447,0.3602786,1.374639
0.32641727,0.044218734,0.08279865,0.25978953
0.40358013,0.0422273,0.41739726,0.06849892
0.075523235,0.033751633,0.41190967,0.7803248
0.41248646,0.10452658,0.24831961,0.015745213
0.42778942,0.1424744,0.26153705,0.29275087
0.879629,0.06266432,0.041769903,0.3839855
0.28946725,0.11008461,0.27127442,0.6201437
1.3300455,0.16257058,0.031465475,0.051353052
0.38703948,0.08863487,0.10739824,0.19894823
0.9700461,0.17481548,0.06470416,0.83933103
0.44134107,0.0005873941,0.16623667,0.5760164
0.691243,0.08923303,0.100257434,0.3150079
0.50525326,0.035927672,0.05337812,0.13260867
0.024312697,0.048668407,0.31956267,0.95647
0.6712824,0.023948412,0.1045989,0.035582963
0.47612372,0.023476074,0.08449756,0.25788626
1.0385258,0.07967403,0.08987958,0.18140493
0.6820856,0.35624436,0.2944137,0.24314792
0.4090213,0.0401226,0.06350388,1.4995587
0.46932054,0.05621028,0.077762984,0.033545595
0.8862335,0.00819078,0.12657982,0.05125437
0.076957785,0.060696173,0.36085403,1.1639991
0.6576585,0.043773454,0.08133314,0.1995195
0.99562633,0.02318523,0.0786958,0.8518943
0.18646637,0.033987176,0.34186107,0.30390838
0.39799392,0.15591547,0.24676247,0.25093493
0.65578103,0.0045072064,0.09065887,1.2816299
0.45610207,0.037270453,0.024996296,0.4963446
0.45635125,0.024111992,0.23547217,0.062003125
0.8082747,0.084344566,0.12524107,0.10832947
0.459663,0.084129535,0.08011507,0.67530185
1.0047876,0.09554635,0.65576476,0.680695
1.0380002,0.03330831,0.0096771335,0.87453264
0.091403365,0.051660623,0.32600096,1.0837886
0.4964716,0.030063402,0.039402377,0.43338552
0.6590594,0.022034466,0.19308619,0.26032832
0.638601,0.030280447,0.055830345,0.1784205
0.54736024,0.24650928,0.0706603,1.0433464
0.62562853,0.16439237,0.05605344,1.127422
0.2810746,0.14262661,0.35605863,0.36683074
0.3368731,0.055432666,0.14262709,1.0319761
0.60506725,0.10133783,0.058617383,1.9180526
0.67188203,0.035513565,0.06288662,0.0057273856
0.27537605,0.047317516,0.25557113,0.83241457
0.3269124,0.086744405,0.26284882,1.1394955
0.24260654,0.025428893,0.2461559,0.48734698
0.52483916,0.11918694,0.10481519,0.4312291
0.5530644,0.02256992,0.21852733,2.2443473
0.36725065,0.10774633,0.27797464,0.4671986
0.34325874,0.009863468,0.16828875,0.021160753
0.935866,0.020131262,0.06363269,0.32735997
0.606031,0.0055077653,0.14937487,1.9775838
0.21347731,0.030530075,0.2609851,0.99870384
0.42731878,0.07056799,0.22940737,0.7888921
0.2599817,0.0109866485,0.14918356,0.47224522
0.6864286,0.018536614,0.016759092,0.023372803
0.1956253,0.019291269,0.3619348,0.21915644
0.33089346,0.038598537,0.103084,0.5984336
0.5861421,0.06652301,0.054029115,0.25847292
0.5022948,0.07281037,0.217904,0.4341313
0.4430845,0.06968988,0.1401754,0.259018
0.4267202,0.0035793362,0.093441695,0.653646
0.4840572,0.0479155,0.04175829,0.5175665
0.8575378,0.037384912,0.023880808,0.42247158
0.07977821,0.00030070732,0.33967865,0.86381626
0.8238289,0.025666893,0.05525651,0.29942477
0.17605624,0.06694757,0.398325,0.32237384
1.0366211,0.24205783,0.2019471,1.4178565
0.8968424,0.09180919,0.45027223,2.584861
0.17217916,0.23585922,0.32836545,0.9756192
0.64385957,0.034134526,0.12024116,0.7472952
0.22215866,0.026417224,0.31743237,0.38045225
0.3710333,0.0033225438,0.16326368,0.08407488
0.3958921,0.13934676,0.41410136,0.4363759
0.69755495,0.01591931,0.001155518,0.06263391
0.4177301,0.014996465,0.37448552,0.6331478
0.5961662,0.23524721,0.019578133,0.24744591
0.18074636,0.081465006,0.23492013,0.392977
0.48837864,0.062453173,0.034941785,1.0698565
0.6421048,0.07585092,0.19307359,0.046065148
0.2972399,0.02085688,0.2250118,0.2607922
0.5455991,0.04667896,0.1858509,1.321529
0.9260133,0.048759997,0.0748737,0.31846204
0.1837675,0.036032952,0.48048514,0.4504188
0.657762,0.020562585,0.040638413,0.58528197
0.7078148,0.24667954,0.07518858,0.14358889
0.80698645,0.0128274625,0.12296464,0.24897191
0.52807665,0.13095489,0.095822595,0.37423828
0.4520474,0.13970567,0.2255188,0.094857834
0.48038724,0.19703303,0.27814257,0.021137722
0.34898952,0.0060217544,0.1595742,0.30474266
0.41697106,0.11359037,0.23680645,0.89609945
0.27703658,0.061757512,0.33749846,0.5223381
0.5538323,0.09980133,0.032028828,0.41294542
0.69733596,0.06574675,0.29924566,1.037884
0.53065175,0.038919296,0.18444349,0.90158755
1.6155199,0.3169567,0.03352467,0.112073824
0.6265066,0.027620232,0.12670882,0.046273053
0.38551733,0.050287686,0.16284704,1.2092215
0.5106957,0.013491067,0.18548192,1.3050381
0.36307976,0.06440752,0.20690057,0.061259016
0.18884875,0.064409345,0.2609394,0.16090988
0.21986435,0.021083528,0.14349878,0.7219698
0.29910877,0.004596717,0.17373852,0.5964016
0.53558904,0.11334964,0.019874083,1.230303
0.92239386,0.16367736,0.1422148,0.5924007
0.41546792,0.11699017,0.16031583,0.47245166
1.0162805,0.11621936,0.009958671,1.8690324
0.83521515,0.0098613985,0.13530666,0.26261955
0.6206956,0.0077522276,0.028210707,1.3097463
0.26782233,0.1314724,0.48244497,0.026910245
0.2527671,0.013647741,0.14580244,0.17116319
0.30363464,0.03777012,0.22739384,0.24356665
0.94956905,0.081086874,0.040354576,0.006528534
0.3333403,0.058151577,0.4789796,0.19339032
0.57507604,0.111467734,0.041888047,0.27812943
0.1547666,0.014855964,0.1689434,0.8446348
0.9930917,0.024334054,0.0020023433,0.11170695
0.42592555,0.27109122,0.3794643,0.7565837
1.2969077,0.06853708,0.058619656,0.4658145
0.42746156,0.00010667241,0.10722286,1.3896563
0.427252,0.049058843,0.17306666,1.0762416
0.19406974,0.040294167,0.3114558,1.1492685
0.3690038,0.17283428,0.4145882,0.8834703
0.31719622,0.012765737,0.38202238,1.3020319
0.86464554,0.016176071,0.017559066,0.08760565
0.44337147,0.090439394,0.31402242,0.64562136
0.79538834,0.2742132,0.18415062,0.14223388
0.533181,0.0474489,0.053904153,0.29550797
0.03512986,0.15261175,0.3538846,0.78060126
0.46571544,0.060918912,0.13582945,0.76604664
0.38744855,0.18354565,0.2725776,0.82825816
0.42730957,0.018148053,0.38604814,0.5903222
0.41602466,0.0059014964,0.20988666,0.22753224
0.05208588,0.014595775,0.46543056,0.6402172
0.2807469,0.098413296,0.229385,0.3555323
1.1607095,0.28025597,0.124645494,0.717211
0.47353396,0.018709239,0.12361949,0.17835237
0.45669416,0.13123462,0.13768032,1.348579
0.13676079,0.014636532,0.21424578,0.695839
0.3922884,0.0014199903,0.039242387,0.047503866
0.12782125,0.018975887,0.5212993,1.9737247
0.05996121,0.0115669565,0.364488,1.3072791
0.73288894,0.23292948,0.18761218,0.71208555
0.5831689,0.031047214,0.24661086,0.23025334
0.39310965,0.027833667,0.22601622,0.639001
0.9269937,0.11462386,0.010049776,0.45844793
0.50042385,0.09241683,0.13159634,0.5003287
0.42805493,0.13969862,0.09476219,0.3674531
0.30466715,0.052991837,0.177548,0.19036373
0.6636599,0.030215915,0.008572857,0.058120474
0.35741517,0.010793085,0.19094716,0.48839298
1.1458502,0.21350312,0.038284004,0.24443522
0.16394201,0.00038449903,0.52174747,0.60820055
0.19491366,0.073498175,0.19677778,0.80762684
0.40009552,0.03558849,0.14679036,1.4214882
0.38701224,0.044304535,0.19347736,0.541103
0.32714102,0.08760684,0.31036314,1.1373044
0.6056094,0.03583992,0.27188817,0.17970921
0.33319157,0.014481065,0.11521007,0.27903092
0.90113515,0.038167156,0.015013789,0.0074814586
0.67115587,0.015097295,0.060869657,0.4201141
0.29925874,0.017432094,0.25471133,0.5220932
0.10266413,0.020713171,0.37445462,2.1773226
0.47715968,0.19129917,0.12665921,0.0400424
0.3110076,0.04289926,0.375937,0.3902721
0.46653423,0.017044965,0.12344889,0.5429442
0.13478138,0.05023568,0.47112587,0.16208898
0.9395979,0.24082196,0.08530977,0.54221797
0.57618564,0.09747014,0.071632534,0.59301263
0.11050253,0.044469435,0.35595846,1.5783138
0.19925727,0.008125384,0.18509822,0.9784705
0.49140772,0.13930665,0.09087628,0.12080886
0.28951898,0.021338277,0.30453554,0.704691
0.6654154,0.16305704,0.11491682,2.8157387
0.2694019,0.01537398,0.2839248,0.5067289
0.5274138,0.027036626,0.19868322,0.38359594
0.35056606,0.02199852,0.15294404,0.9724755
1.0243851,0.14375013,0.015373787,0.35002163
0.69922465,0.047260802,0.06469753,0.06261698
0.7105146,0.026302958,0.0034042317,0.83543277
0.5124458,0.040413786,0.1071426,0.07947821
0.28133118,0.013310895,0.3796065,0.017946564
0.36717474,0.03749766,0.26541445,0.5236149
0.06575756,0.0013093248,0.39853597,0.7877004
0.32044926,0.043132383,0.08222062,0.7163097
0.20879062,0.0064707766,0.17852215,0.83235943
1.3706354,0.14411646,0.1604218,0.10650925
0.47786036,0.07830484,0.20285445,0.5517603
0.46103942,0.05821925,0.11279787,0.62541354
0.6485246,0.0935642,0.12396944,0.2407048
0.59542125,0.0006524426,0.030786742,0.5887775
0.7574083,0.06307381,0.25765425,0.8553976
