birth_1,birth_2,death,state_rate
1.209396123886e-01,2.499017715454e-01,6.306695938110e-02,6.072521209717e-02
2.868130207062e-01,7.719531059265e-01,1.812509298325e-01,4.919672012329e-02
9.649091959000e-01,7.876673936844e-01,6.405553817749e-01,5.509245395660e-02
2.693818807602e-01,1.693481206894e-01,5.740165710449e-03,9.426212310791e-02
7.602663040161e-01,4.431796073914e-01,1.041446924210e-01,4.363167285919e-02
8.594261407852e-01,1.808316707611e-01,1.542587280273e-01,2.225232124329e-02
9.529554843903e-01,2.982722520828e-01,2.565670013428e-01,7.464098930359e-02
7.053418159485e-01,9.422545433044e-01,6.393023729324e-01,7.795643806458e-02
2.034307718277e-01,3.650292158127e-01,8.177626132965e-02,6.666302680969e-03
2.469850778580e-01,2.742595672607e-01,1.040936708450e-01,7.267594337463e-02
3.641970157623e-01,2.145853042603e-01,1.044725179672e-01,8.878958225250e-02
1.858984231949e-01,1.484092473984e-01,3.633248806000e-02,8.060836791992e-02
4.549857378006e-01,2.383422851562e-02,9.214401245117e-03,4.532790184021e-02
5.535917282104e-01,8.031492233276e-01,1.631559133530e-01,1.915287971497e-02
3.594236373901e-01,7.405900955200e-01,1.502783298492e-01,5.785846710205e-02
2.248619794846e-01,6.534852981567e-01,1.042082309723e-01,2.798771858215e-02
4.829764366150e-03,4.272724390030e-01,2.830982208252e-03,9.064257144928e-02
8.496174812317e-01,5.027470588684e-01,3.711894750595e-01,6.160962581635e-02
7.895919084549e-01,1.905300617218e-01,1.223797798157e-01,7.311296463013e-02
7.760854959488e-01,6.691014766693e-02,4.314327239990e-02,2.003669738770e-03
7.530047893524e-01,1.022909879684e-01,5.784249305725e-02,7.191181182861e-02
7.253785133362e-01,7.418339252472e-01,9.439003467560e-02,9.175634384155e-02
7.053984403610e-01,3.134951591492e-01,1.702380180359e-01,5.767345428467e-03
4.775995016098e-01,1.363649368286e-01,1.080105304718e-01,1.925325393677e-02
8.974052667618e-01,3.564713001251e-01,4.313123226166e-02,8.342993259430e-02
2.056157588959e-01,5.658848285675e-01,8.170747756958e-02,7.053220272064e-02
7.112482786179e-01,2.379236221313e-01,2.300739288330e-05,6.277728080750e-02
7.107247114182e-01,8.194489479065e-01,3.011486530304e-01,3.318977355957e-02
5.615036487579e-01,8.106576204300e-01,4.872721433640e-01,9.558176994324e-02
2.312186956406e-01,5.483764410019e-01,1.206134557724e-01,9.892439842224e-02
9.110671281815e-01,2.471168041229e-01,2.051467895508e-01,8.061659336090e-02
8.234227895737e-01,1.682369709015e-01,9.340763092041e-03,7.985401153564e-02
5.812867879868e-01,6.755816936493e-02,8.215188980103e-03,8.974409103394e-02
6.445293426514e-01,5.419337749481e-01,2.886581420898e-02,3.339612483978e-02
4.551023244858e-01,9.710557460785e-01,2.657743692398e-01,4.156076908112e-02
3.073887825012e-01,6.276426315308e-01,2.057447433472e-01,8.546340465546e-02
2.723882198334e-01,5.831738710403e-01,2.460374832153e-01,2.979254722595e-02
2.264623641968e-01,7.680441141129e-01,1.272130012512e-02,1.456892490387e-02
5.421397686005e-01,5.568765401840e-01,3.718185424805e-02,6.522226333618e-02
6.902568340302e-01,3.654420375824e-02,1.673090457916e-02,5.849778652191e-02
2.601532936096e-01,5.211064815521e-01,2.087635993958e-01,2.427530288696e-02
9.370076656342e-01,6.146907806396e-02,1.419305801392e-02,7.473862171173e-02
5.724661350250e-01,9.129482507706e-01,1.744000911713e-01,1.605951786041e-02
6.642978191376e-01,4.634714126587e-01,1.072311401367e-02,3.512978553772e-02
4.384194612503e-01,6.585657596588e-01,3.896664381027e-01,1.046860218048e-02
6.130275726318e-01,5.397942066193e-01,1.314901113510e-01,4.445672035217e-02
1.661764383316e-01,7.332051992416e-01,1.101421117783e-01,3.862857818604e-03
4.986596107483e-01,2.570598125458e-01,1.692065000534e-01,6.165862083435e-03
1.044981479645e-01,2.787127494812e-01,6.498098373413e-03,6.429445743561e-02
6.178029775620e-01,3.155001401901e-01,2.466795444489e-01,4.445505142212e-02
7.314825057983e-02,4.083024263382e-01,1.250624656677e-02,5.611014366150e-02
9.424862861633e-01,3.950875997543e-01,1.876276731491e-01,1.360499858856e-02
6.808305978775e-01,3.754199743271e-01,3.566796779633e-01,7.353937625885e-02
3.871567249298e-01,8.381502628326e-01,1.782578229904e-01,7.359147071838e-02
9.608905315399e-01,7.473096847534e-01,7.863283157349e-03,1.940047740936e-02
4.144612550735e-01,5.203285217285e-01,9.475827217102e-02,5.952119827271e-02
7.179063558578e-01,2.838838100433e-01,8.238124847412e-02,1.181173324585e-02
8.973851203918e-01,1.243920326233e-01,1.225407123566e-01,1.488006114960e-02
8.567143678665e-01,8.455722332001e-01,4.698851108551e-01,6.830644607544e-02
3.968822956085e-01,2.227227687836e-01,6.511282920837e-02,5.152845382690e-02
1.774606704712e-01,5.051600933075e-02,2.662205696106e-02,1.775586605072e-02
8.073543310165e-01,8.596547842026e-01,1.309704780579e-01,2.696657180786e-02
6.017688512802e-01,7.840921878815e-01,1.946834325790e-01,8.375465869904e-02
6.647133827209e-02,9.544501304626e-01,1.387095451355e-02,3.483772277832e-02
2.251578569412e-01,3.671389818192e-01,4.887211322784e-02,5.706095695496e-02
5.131149291992e-02,9.665358066559e-02,3.494453430176e-02,7.541799545288e-02
1.087795495987e-01,5.501433610916e-01,8.656954765320e-02,5.301868915558e-02
6.890074014664e-01,8.350511789322e-01,3.392573595047e-01,5.189418792725e-03
3.163188695908e-01,2.518626451492e-01,9.230458736420e-02,6.581544876099e-04
8.442305326462e-01,6.521079540253e-01,2.583410739899e-01,6.626284122467e-02
1.546170711517e-01,4.278241395950e-01,1.058382987976e-01,4.865705966949e-02
5.949519872665e-01,7.508286237717e-01,4.366488456726e-01,3.955173492432e-02
5.591392517090e-01,1.462240219116e-01,1.189023256302e-01,1.569223403931e-02
9.430605173111e-01,6.173179149628e-01,5.398964881897e-01,8.324050903320e-02
5.544602870941e-02,6.489303112030e-01,3.247559070587e-02,3.637218475342e-02
9.258378744125e-01,1.046706438065e-01,6.160938739777e-02,3.629922866821e-03
2.729141712189e-02,5.544031858444e-01,2.151882648468e-02,4.007339477539e-02
6.375539302826e-02,6.214630603790e-01,5.493783950806e-02,7.528138160706e-02
3.269228935242e-01,5.263694524765e-01,2.680081129074e-01,1.323342323303e-03
6.804369688034e-01,7.589943408966e-01,1.984801292419e-01,4.232084751129e-02
3.115056753159e-01,8.461272716522e-02,4.922401905060e-02,1.611530780792e-02
9.315376281738e-01,7.007765769958e-01,4.660406112671e-01,4.790568351746e-02
2.834998369217e-01,8.965361118317e-01,1.420645713806e-01,8.189678192139e-04
2.358869314194e-01,7.076208591461e-01,8.108448982239e-02,5.523550510406e-02
3.800662755966e-01,8.605091571808e-01,2.949912548065e-01,8.623456954956e-02
7.055249214172e-01,9.189240932465e-01,5.691192150116e-01,6.350791454315e-02
9.591771364212e-01,5.241764783859e-01,4.021222591400e-01,9.283876419067e-02
1.970303058624e-01,3.017754554749e-01,1.803646087646e-01,8.633160591125e-02
1.680520772934e-01,9.438394308090e-01,1.585527658463e-01,5.733275413513e-02
4.483681917191e-01,7.538434267044e-01,2.980291843414e-01,3.828442096710e-02
4.574486017227e-01,9.263349771500e-01,4.505563974380e-01,3.270864486694e-02
3.038760423660e-01,7.291768789291e-01,2.199817895889e-01,8.202803134918e-02
5.215153694153e-01,4.850437641144e-01,1.865415573120e-01,9.669208526611e-02
6.888498067856e-01,8.260885477066e-01,1.339366436005e-01,9.481799602509e-02
5.784481763840e-01,9.963611364365e-01,3.305110931396e-01,8.646845817566e-02
8.177095651627e-01,2.449461221695e-01,4.446995258331e-02,1.174199581146e-02
9.680864810944e-01,4.058278799057e-01,2.134265899658e-01,4.038393497467e-02
6.910396814346e-01,6.673314571381e-01,5.600873231888e-01,5.895781517029e-02
7.519612312317e-01,8.461624383926e-01,5.110520124435e-01,8.624196052551e-03
5.457237958908e-01,8.061981201172e-02,1.663327217102e-02,3.266656398773e-02
2.383997440338e-01,7.553802728653e-01,7.300853729248e-03,5.481886863708e-02
7.175418138504e-01,4.155529737473e-01,2.666397094727e-01,6.523060798645e-02
1.159360408783e-01,1.950091123581e-01,5.346977710724e-02,6.901168823242e-02
3.396153450012e-03,8.354955911636e-01,1.300454139709e-03,1.975429058075e-02
1.003209352493e-01,9.677507877350e-01,2.118051052094e-02,9.205293655396e-02
4.748524427414e-01,9.476912021637e-01,1.363538503647e-01,1.303660869598e-02
3.663045167923e-01,3.055158853531e-01,1.187952756882e-01,2.933311462402e-02
8.312263488770e-01,9.707602262497e-01,7.937833070755e-01,3.753697872162e-02
6.178574562073e-01,8.899366855621e-02,1.725435256958e-03,9.050881862640e-02
7.034814357758e-01,5.984811782837e-01,2.383211851120e-01,7.051110267639e-02
3.442084789276e-01,2.655867338181e-01,3.901720046997e-03,9.697031974792e-02
7.602151632309e-01,8.174519538879e-01,6.736898422241e-02,5.594253540039e-03
4.938019514084e-01,6.377538442612e-01,1.768941879272e-01,7.727742195129e-03
5.551178455353e-01,8.741710186005e-01,1.174489259720e-01,2.383232116699e-03
6.756927967072e-01,9.942278862000e-01,4.851064682007e-01,7.660007476807e-02
2.863237857819e-01,7.955917119980e-01,2.361570596695e-01,4.520666599274e-02
6.190702915192e-01,6.606268882751e-02,3.367400169373e-02,6.354272365570e-02
1.519834995270e-01,3.987579345703e-01,5.363082885742e-02,5.317580699921e-02
5.215163230896e-01,4.518361091614e-01,1.014380455017e-01,1.967656612396e-02
1.868929862976e-01,4.206902980804e-01,4.895853996277e-02,4.635798931122e-02
8.916915655136e-01,2.635439634323e-01,1.755040884018e-01,5.020773410797e-02
9.934175014496e-02,7.063692808151e-01,6.010544300079e-02,5.766153335571e-02
2.130087614059e-01,8.896445035934e-01,1.077194213867e-01,7.476520538330e-02
5.758631229401e-02,8.160481452942e-01,5.188202857971e-02,8.756923675537e-02
2.197074890137e-02,4.426860809326e-01,3.504037857056e-03,3.525197505951e-02
3.121608495712e-01,8.607853651047e-01,8.928275108337e-02,4.391646385193e-02
6.777620315552e-02,1.869465112686e-01,2.045285701752e-02,1.152920722961e-02
6.856637001038e-01,3.131580352783e-01,2.547789812088e-01,2.174270153046e-02
7.950246334076e-01,2.016075849533e-01,1.270864009857e-01,6.680822372437e-02
4.981716871262e-01,2.181327342987e-02,5.587816238403e-03,8.292567729950e-02
8.337293863297e-01,5.770897865295e-01,4.201029539108e-01,9.519505500793e-02
6.878948211670e-01,2.476255893707e-01,1.690497398376e-01,3.586447238922e-02
1.884953975677e-01,2.818658351898e-01,2.907383441925e-02,3.328847885132e-02
4.040178060532e-01,7.667587995529e-01,3.042200803757e-01,7.812654972076e-02
3.415634632111e-01,8.089745044708e-01,3.108283281326e-01,9.154319763184e-02
6.251043081284e-01,9.466767311096e-02,3.194665908813e-02,6.553137302399e-02
3.800939321518e-01,8.074834346771e-01,3.717607259750e-01,2.643525600433e-02
9.210132360458e-01,3.789823055267e-01,2.781107425690e-01,7.680511474609e-02
9.005520343781e-01,1.601254940033e-01,1.472927331924e-01,4.711663722992e-02
9.237576723099e-01,9.093656539917e-01,5.745847225189e-01,6.483793258667e-03
9.603531360626e-01,2.437156438828e-01,1.357033252716e-01,4.839158058167e-02
1.966021060944e-01,4.631388187408e-01,8.091247081757e-02,5.429446697235e-02
4.800531864166e-01,2.345291376114e-01,3.593802452087e-02,9.062635898590e-02
2.550736665726e-01,3.905119895935e-01,8.702600002289e-02,2.382206916809e-02
6.610289812088e-01,3.710329532623e-01,1.285601854324e-01,4.548883438110e-02
9.405310153961e-01,8.766257762909e-02,8.571505546570e-02,2.540564537048e-02
7.872310876846e-01,9.591534137726e-01,1.378070116043e-01,2.950525283813e-02
4.244301319122e-01,9.447290897369e-01,1.919043064117e-01,4.269134998322e-02
1.119332313538e-01,3.495442867279e-01,7.208752632141e-02,5.278801918030e-02
8.476513624191e-01,7.802850008011e-01,7.349170446396e-01,5.299139022827e-02
2.747014760971e-01,1.012911796570e-01,2.155470848083e-02,6.949687004089e-02
1.915562152863e-01,9.276397228241e-01,4.173576831818e-02,4.820585250854e-03
6.343526840210e-01,1.294112205505e-02,7.531166076660e-03,9.006738662720e-03
6.559211015701e-01,4.965908527374e-01,3.653525114059e-01,5.665707588196e-02
3.447942733765e-01,6.574075222015e-01,2.965307235718e-01,4.876935482025e-02
5.612382888794e-01,7.720625400543e-01,2.610714435577e-01,7.881283760071e-02
4.034881591797e-01,6.574482917786e-01,3.248482942581e-01,2.555489540100e-02
6.731820106506e-02,6.092451810837e-01,4.629647731781e-02,9.100401401520e-02
1.500449180603e-01,8.086074590683e-01,5.478978157043e-03,1.749050617218e-02
8.738843202591e-01,5.137367248535e-01,4.085818529129e-01,8.769893646240e-02
7.946124076843e-01,3.653063774109e-01,2.811558246613e-01,6.392300128937e-02
7.309995889664e-01,3.463324308395e-01,3.469383716583e-02,3.083944320679e-02
5.365514755249e-02,6.106312274933e-01,3.311252593994e-02,6.465053558350e-02
7.677611112595e-01,6.198470592499e-01,1.575148105621e-01,2.545261383057e-02
2.448669672012e-01,8.304702043533e-01,2.132308483124e-02,3.754401206970e-02
8.521335124969e-01,7.883979082108e-01,2.617166042328e-01,7.329559326172e-02
3.070989847183e-01,4.860794544220e-01,2.245174646378e-01,2.135932445526e-02
9.816608428955e-01,3.036552667618e-01,1.151671409607e-01,6.620764732361e-03
2.261728048325e-01,3.501075506210e-01,2.100253105164e-02,1.069808006287e-02
2.243715524673e-01,9.288942813873e-02,5.999541282654e-02,6.866681575775e-02
8.798472881317e-01,2.229847908020e-01,1.667999029160e-01,1.972603797913e-02
4.482266902924e-01,3.371299505234e-01,1.428918838501e-01,4.854583740234e-02
8.323225975037e-01,2.023844718933e-01,1.010066270828e-01,4.277229309082e-04
3.391752243042e-01,9.050816297531e-01,1.744550466537e-01,6.878793239594e-02
2.415866851807e-01,8.193687200546e-01,6.497037410736e-02,1.285278797150e-02
2.995333671570e-01,8.754745721817e-01,1.199078559875e-01,1.878678798676e-02
8.507579565048e-01,7.796632051468e-01,3.328514099121e-02,3.366029262543e-02
4.921418428421e-01,8.479981422424e-01,3.282271623611e-01,8.799386024475e-02
2.807048559189e-01,4.085856676102e-01,1.554847955704e-01,7.045793533325e-02
2.891225814819e-01,6.288020610809e-01,3.514063358307e-02,5.403304100037e-02
9.138369560242e-02,9.620643854141e-01,9.990930557251e-04,3.896343708038e-02
5.320304632187e-01,7.577129602432e-01,3.719142675400e-01,2.684175968170e-02
1.019775867462e-01,4.675588607788e-01,7.779276371002e-02,4.313409328461e-02
4.846782684326e-01,6.795119047165e-01,3.685426712036e-01,8.246421813965e-02
7.944194078445e-01,8.204294443130e-01,2.537504434586e-01,2.796900272369e-02
4.728289842606e-01,5.418511629105e-01,3.194547891617e-01,6.119310855865e-02
2.447558641434e-01,9.123799800873e-01,2.222479581833e-01,7.056128978729e-02
9.809685945511e-01,2.896879911423e-01,9.704339504242e-02,3.850305080414e-02
4.742256402969e-01,7.817569971085e-01,2.653589248657e-01,6.107163429260e-02
2.590901851654e-01,6.611781120300e-01,2.010582685471e-01,5.096805095673e-02
9.811512231827e-01,2.382336854935e-01,1.422803401947e-01,5.987405776978e-02
8.147157430649e-01,4.509242773056e-01,1.059806346893e-01,6.860375404358e-02
9.935992956161e-01,3.709596395493e-01,5.809926986694e-02,9.721672534943e-02
4.450011253357e-01,1.211340427399e-01,1.175429821014e-01,3.877294063568e-02
8.065243959427e-01,4.792475700378e-01,9.648203849792e-03,7.552278041840e-02
9.797365665436e-01,3.186556100845e-01,2.401053905487e-02,5.314588546753e-02
8.437310457230e-01,2.224364280701e-01,2.020218372345e-01,2.077424526215e-02
7.915492057800e-01,5.602420568466e-01,4.158401489258e-02,3.496408462524e-03
7.725498676300e-01,9.843636751175e-01,3.121443986893e-01,3.631079196930e-02
9.712696075439e-01,6.295393705368e-01,4.327746629715e-01,3.268647193909e-02
9.547646045685e-01,7.610676288605e-01,1.002621650696e-01,2.971422672272e-02
2.949060201645e-01,3.142480850220e-01,1.508338451385e-01,3.954911231995e-02
8.045912981033e-01,4.521473646164e-01,3.980662822723e-01,1.106452941895e-02
5.021760463715e-01,1.396484375000e-01,1.981198787689e-02,7.217288017273e-03
7.925106287003e-01,5.642869472504e-01,2.251688241959e-01,3.730499744415e-02
4.691506624222e-01,3.604159355164e-01,1.658523082733e-01,6.124222278595e-02
1.654187440872e-01,5.622572898865e-01,1.211576461792e-01,7.998383045197e-02
2.541315555573e-02,9.888106584549e-01,2.297031879425e-02,6.141924858093e-02
9.139671325684e-01,9.403288364410e-01,3.615342378616e-01,3.027808666229e-02
1.911493539810e-01,6.889891624451e-02,6.986021995544e-03,4.797852039337e-02
6.788018941879e-01,5.416212081909e-01,6.283402442932e-02,5.215454101562e-02
9.056237936020e-01,1.698136329651e-02,1.470410823822e-02,5.604720115662e-02
2.266908884048e-01,3.765611648560e-01,3.853845596313e-02,8.139860630035e-02
7.081036567688e-01,5.747019052505e-01,2.532107830048e-01,6.301617622375e-02
6.073923110962e-01,4.187539815903e-01,3.656371831894e-01,7.661747932434e-02
9.213889837265e-01,1.691577434540e-01,1.075564622879e-01,4.504990577698e-02
7.653859853745e-01,4.889949560165e-01,1.849617958069e-01,4.204702377319e-02
2.741498947144e-01,4.285098314285e-01,2.357602119446e-02,1.097655296326e-02
5.021951198578e-01,4.324671030045e-01,6.229388713837e-02,5.579054355621e-02
8.026592731476e-01,9.034878015518e-01,7.675650119781e-01,2.731943130493e-02
2.564414739609e-01,2.682337760925e-01,1.931369304657e-02,8.241057395935e-02
9.392595291138e-01,8.616942167282e-01,2.378313541412e-01,6.491613388062e-02
1.486488580704e-01,2.971371412277e-01,3.333568572998e-02,2.504026889801e-02
8.489811420441e-01,6.055032014847e-01,5.072046518326e-01,6.494784355164e-02
1.292685270309e-01,8.642114400864e-01,1.117098331451e-01,6.356835365295e-02
8.076528310776e-01,1.916726827621e-01,6.634283065796e-02,3.690445423126e-02
4.630132913589e-01,7.226555347443e-01,6.915915012360e-02,4.052913188934e-02
8.132648468018e-01,6.562670469284e-01,4.275540113449e-01,1.325690746307e-02
8.344758749008e-01,6.045258045197e-02,3.994762897491e-02,2.584898471832e-02
7.768197059631e-01,4.078857898712e-01,2.197676897049e-01,4.682624340057e-02
4.099855422974e-01,4.593776464462e-01,1.860891580582e-01,4.320645332336e-02
6.457440853119e-01,5.608974695206e-01,2.433836460114e-01,2.249395847321e-02
8.236547708511e-01,5.800397396088e-01,3.789775371552e-01,3.869116306305e-02
7.791050672531e-01,6.963059902191e-01,2.515733242035e-02,8.246660232544e-02
5.721640586853e-01,5.192836523056e-01,4.156317710876e-01,9.083652496338e-02
3.769905567169e-01,4.174149036407e-02,1.065850257874e-03,9.949719905853e-02
5.003213882446e-02,9.597525596619e-01,7.572054862976e-03,3.501605987549e-02
6.699318885803e-01,1.833744049072e-01,5.707395076752e-02,2.884674072266e-02
9.252113103867e-01,4.691692590714e-01,3.745667934418e-01,9.595870971680e-02
2.530322074890e-01,8.714438676834e-01,1.579650640488e-01,1.866245269775e-02
8.878639936447e-01,5.931847095490e-01,5.478248596191e-01,8.225584030151e-02
4.158899784088e-01,2.107942104340e-02,7.649898529053e-03,4.711294174194e-02
3.901336193085e-01,5.359479188919e-01,4.127013683319e-02,3.576588630676e-02
4.460600614548e-01,2.983038425446e-01,2.424454689026e-02,8.930766582489e-02
7.917312383652e-01,2.938669919968e-01,1.792470216751e-01,9.482502937317e-02
1.766967773438e-02,8.510426282883e-01,1.226294040680e-02,8.107614517212e-02
3.416128158569e-01,4.459066390991e-01,2.678935527802e-01,1.846909523010e-03
4.124572277069e-01,5.084300041199e-02,3.246593475342e-02,8.463609218597e-02
6.748101711273e-01,1.553423404694e-01,1.401071548462e-01,5.607056617737e-02
2.116670608521e-01,3.161213397980e-01,2.005051374435e-01,3.273701667786e-02
6.007614135742e-01,2.381622791290e-01,1.227332353592e-01,2.872192859650e-02
6.587814092636e-01,3.752021789551e-01,2.664723396301e-01,2.428662776947e-02
7.974128723145e-01,8.940376043320e-01,3.048996925354e-01,8.739829063416e-02
7.337779998779e-01,6.820678710938e-01,8.205533027649e-03,8.056855201721e-02
5.079513788223e-01,9.921184778214e-01,4.825537204742e-01,1.218020915985e-02
2.232608795166e-01,8.301899433136e-01,1.090770959854e-01,4.598188400269e-02
8.275389671326e-03,4.128084182739e-01,2.562046051025e-03,4.167497158051e-02
3.253325223923e-01,5.168987512589e-01,1.570167541504e-01,7.153499126434e-02
9.499168395996e-01,6.120018959045e-01,5.188137292862e-01,8.237338066101e-02
6.400943994522e-01,5.377324819565e-01,3.325532674789e-01,4.245960712433e-02
9.500741958618e-01,7.388412952423e-01,3.379976749420e-01,8.623754978180e-02
3.390499353409e-01,4.615427255630e-01,1.542278528214e-01,4.100263118744e-02
4.170460700989e-01,6.620968580246e-01,1.581864356995e-01,5.858886241913e-02
6.434235572815e-01,5.063247680664e-02,2.071714401245e-02,3.702068328857e-02
5.347418785095e-01,3.815037012100e-01,3.737616539001e-01,9.137284755707e-02
6.270211935043e-01,4.544762372971e-01,2.179050445557e-02,9.223449230194e-02
4.302729368210e-01,3.954370021820e-01,2.777754068375e-01,7.563233375549e-02
1.051299571991e-01,5.985785722733e-01,1.581406593323e-02,8.362376689911e-02
2.384259700775e-01,2.273137569427e-01,1.927095651627e-01,8.848941326141e-02
4.787311553955e-01,8.663311004639e-01,2.419759035110e-01,1.827347278595e-02
6.344927549362e-01,8.988553285599e-01,5.667277574539e-01,1.814162731171e-02
9.295444488525e-01,3.819704055786e-01,1.841726303101e-01,6.664502620697e-02
5.544806718826e-01,5.214935541153e-01,1.876399517059e-01,9.161770343781e-02
2.087712287903e-01,3.048666715622e-01,8.497488498688e-02,8.329045772552e-02
2.414550781250e-01,8.349604606628e-01,5.257558822632e-02,4.005551338196e-02
8.248124122620e-01,7.935149669647e-01,4.119985103607e-01,3.019964694977e-02
1.047813892365e-02,4.947553873062e-01,1.038110256195e-02,3.132939338684e-02
6.630381345749e-01,1.845612525940e-01,1.054081916809e-01,1.540124416351e-02
3.897891044617e-01,5.252339839935e-01,2.719016075134e-01,4.331386089325e-02
9.434949159622e-01,4.773803949356e-01,2.311143875122e-01,5.252361297607e-02
7.477023601532e-01,2.894554138184e-01,2.881156206131e-01,6.886851787567e-02
5.017457008362e-01,4.190607070923e-01,1.826641559601e-01,6.264913082123e-02
4.132391214371e-01,5.184893608093e-01,7.350242137909e-02,6.564927101135e-02
5.565673112869e-01,6.318522691727e-01,4.065768718719e-01,2.278780937195e-02
2.533696889877e-01,7.341655492783e-01,2.107710838318e-01,6.136214733124e-02
1.638398170471e-01,5.608505010605e-01,5.919313430786e-02,6.878459453583e-02
9.453922510147e-01,2.756502628326e-01,1.005203723907e-01,5.679881572723e-02
7.627955675125e-01,5.508385896683e-01,2.319160699844e-01,5.431509017944e-02
8.345552682877e-01,8.902076482773e-01,5.605077743530e-01,9.119701385498e-02
1.752341985703e-01,8.359445333481e-01,1.513779163361e-01,9.805846214294e-02
9.334502220154e-01,5.304474830627e-01,2.149438858032e-01,6.541442871094e-02
7.959067821503e-02,5.473325252533e-01,2.587580680847e-02,7.202339172363e-02
8.341240882874e-01,9.833492040634e-01,7.532849311829e-01,8.219456672668e-02
5.493785142899e-01,3.723881244659e-01,3.309115171432e-01,5.004978179932e-02
8.780548572540e-01,5.914409160614e-01,3.356330394745e-01,9.573006629944e-02
9.799373149872e-02,7.383072376251e-02,5.245375633240e-02,3.983640670776e-02
9.082077741623e-01,2.016819715500e-01,1.811889410019e-01,5.728542804718e-02
5.403406620026e-01,8.800148963928e-02,3.701603412628e-02,7.836949825287e-02
4.160842895508e-01,9.150394201279e-01,3.859536647797e-01,2.142405509949e-02
9.256767034531e-01,6.219780445099e-01,5.259261131287e-01,3.710770606995e-02
9.785947799683e-01,1.106556653976e-01,7.593953609467e-02,4.232168197632e-02
7.856397628784e-01,8.845130205154e-01,6.323035955429e-01,5.486226081848e-02
2.137804031372e-01,8.944135904312e-01,1.354464292526e-01,2.467989921570e-03
2.766127586365e-01,3.981574773788e-01,2.082117795944e-01,3.541493415833e-02
9.685277938843e-03,9.047247171402e-01,8.322596549988e-03,9.045279026031e-02
1.796476840973e-01,8.006355762482e-01,7.575416564941e-02,2.175927162170e-02
8.583021163940e-02,4.803438186646e-01,2.676606178284e-02,3.394246101379e-03
9.665098190308e-01,5.027520656586e-01,9.561395645142e-02,3.773069381714e-02
4.884053468704e-01,2.511096000671e-01,4.658174514771e-02,4.399323463440e-02
5.351302623749e-01,9.157383441925e-01,1.587138175964e-01,3.742146492004e-02
1.657094955444e-01,8.412215709686e-01,2.238249778748e-02,7.876765727997e-02
2.032001018524e-01,8.528144359589e-01,9.241652488708e-02,1.254618167877e-02
7.816220521927e-01,1.147562265396e-01,1.810562610626e-02,5.797255039215e-02
9.348286390305e-01,8.186666965485e-01,6.546902656555e-02,8.873283863068e-02
2.356579303741e-01,7.077635526657e-01,2.344920635223e-01,9.243178367615e-02
2.022521495819e-01,7.290318012238e-01,1.774001121521e-02,5.939364433289e-02
6.370062828064e-01,3.526324033737e-01,2.636435031891e-01,4.024100303650e-02
6.446719169617e-01,8.239003419876e-01,5.376037359238e-01,3.094184398651e-02
6.353173255920e-01,9.480874538422e-01,8.293414115906e-02,3.499925136566e-02
3.484320640564e-02,7.435493469238e-01,3.978013992310e-04,8.747768402100e-02
4.657930135727e-01,5.315250158310e-01,1.857080459595e-01,4.490351676941e-02
7.556315660477e-01,9.975564479828e-02,8.285045623779e-04,9.872341156006e-02
2.075818777084e-01,8.828926086426e-02,5.724608898163e-02,7.555568218231e-02
5.916476249695e-02,4.426078796387e-01,2.072215080261e-02,8.453989028931e-02
6.955186128616e-01,8.418641090393e-01,4.673626422882e-01,4.641520977020e-02
7.275059223175e-01,5.512748956680e-01,4.751526117325e-01,9.245073795319e-02
1.032819747925e-01,6.669571399689e-01,9.098255634308e-02,5.735731124878e-02
7.075550556183e-01,3.566079139709e-01,3.064286708832e-01,8.059012889862e-02
7.352994680405e-01,1.352201700211e-01,1.004004478455e-02,2.292895317078e-02
3.510495424271e-01,1.604416370392e-01,4.994869232178e-02,3.117048740387e-02
4.876512289047e-01,4.749170541763e-01,1.354480981827e-01,7.869124412537e-02
3.068572282791e-01,4.550592899323e-01,2.615308761597e-02,7.397305965424e-02
5.307086706161e-01,3.582019805908e-01,1.847944259644e-01,2.917647361755e-03
2.817929983139e-01,8.478541374207e-01,1.529932022095e-03,1.859843730927e-02
9.720721244812e-01,5.759415626526e-01,5.319660902023e-01,3.010630607605e-02
6.805672645569e-01,3.755941390991e-01,1.289885044098e-01,5.237984657288e-02
2.052420377731e-01,9.896671772003e-02,5.022883415222e-03,7.557058334351e-02
1.371735334396e-01,2.563816308975e-01,1.223194599152e-02,4.072701931000e-02
7.288197278976e-01,1.519875526428e-01,1.453285217285e-01,8.087468147278e-02
2.107210159302e-01,4.613239765167e-01,9.193420410156e-04,2.883219718933e-02
7.756719589233e-01,1.574499607086e-01,1.032756567001e-01,1.394975185394e-02
2.952334880829e-01,2.394787073135e-01,1.012494564056e-01,9.226858615875e-02
4.893295764923e-01,2.608398199081e-01,6.300508975983e-02,6.327593326569e-02
8.102953433990e-02,2.931616306305e-01,7.670366764069e-02,8.664536476135e-02
2.625160217285e-01,4.182405471802e-01,1.856052875519e-01,9.529387950897e-02
2.770423889160e-01,3.909982442856e-01,1.220275163651e-01,2.414512634277e-02
4.114328622818e-01,9.959222078323e-01,5.106949806213e-02,9.613478183746e-02
4.621856212616e-01,2.243285179138e-01,1.653010845184e-01,9.703183174133e-02
4.776966571808e-01,8.717521429062e-01,3.632433414459e-01,8.966112136841e-02
6.554471254349e-01,4.085208177567e-01,3.429455757141e-01,8.228790760040e-02
1.916146278381e-02,4.051767587662e-01,1.755714416504e-03,9.684646129608e-02
7.388651371002e-02,6.045022010803e-01,5.474090576172e-04,7.856142520905e-02
9.627907276154e-01,6.975291967392e-01,4.825750589371e-01,7.129478454590e-02
6.100782155991e-01,9.946712255478e-01,4.915446043015e-01,3.342199325562e-02
5.187968015671e-01,1.760772466660e-01,1.242288351059e-01,5.054116249084e-02
3.893924951553e-01,4.819020032883e-01,6.695067882538e-02,7.087051868439e-02
7.539889812469e-01,9.202820062637e-01,2.556431293488e-02,2.126002311707e-02
5.745840072632e-01,2.495868206024e-01,1.797585487366e-01,5.578112602234e-02
9.228564500809e-01,1.603803634644e-01,1.546515226364e-01,7.302689552307e-02
8.131895065308e-01,5.249857902527e-02,2.598643302917e-02,1.905322074890e-02
5.224606990814e-01,7.153595685959e-01,3.527113199234e-01,3.958106040955e-02
6.705114841461e-01,4.626204967499e-01,2.789747714996e-01,6.521892547607e-02
2.598128318787e-01,6.113505363464e-01,2.313964366913e-01,4.533863067627e-02
5.088911056519e-01,2.240056991577e-01,1.600500345230e-01,8.958697319031e-03
6.518713235855e-01,3.215091228485e-01,2.311416864395e-01,7.996582984924e-02
5.444334745407e-01,2.389562129974e-01,1.703375577927e-01,1.377463340759e-02
7.825133800507e-01,7.538123130798e-01,1.215777397156e-01,7.100605964661e-02
4.695411920547e-01,2.063044309616e-01,2.854514122009e-02,7.338619232178e-02
8.336673974991e-01,7.226967811584e-02,5.101954936981e-02,1.704812049866e-02
6.043187379837e-01,9.327863454819e-01,5.045176744461e-01,1.017284393311e-02
2.226210832596e-01,1.609641313553e-01,1.032493114471e-01,4.617285728455e-02
6.395486593246e-01,4.126224517822e-01,1.039966344833e-01,3.763449192047e-02
6.120609045029e-01,9.829254150391e-01,5.861701965332e-01,4.725122451782e-02
8.781937360764e-01,9.836288690567e-01,4.493485689163e-01,9.031391143799e-02
2.595186233521e-04,9.163637161255e-01,2.484321594238e-04,4.992449283600e-02
7.851577997208e-01,1.055704355240e-01,1.046192646027e-01,1.758134365082e-02
9.403765201569e-01,6.775889396667e-01,7.889735698700e-02,7.028877735138e-02
9.991579055786e-01,9.239912033081e-04,5.688667297363e-04,1.406538486481e-02
3.461909294128e-01,8.298296928406e-01,2.600458860397e-01,8.124661445618e-02
9.594898223877e-01,5.293984413147e-01,2.470299005508e-01,3.770256042480e-02
5.525466203690e-01,9.830669164658e-01,2.826132774353e-01,9.571886062622e-02
3.852736949921e-01,6.582016944885e-01,1.926600933075e-02,2.423262596130e-02
4.997519254684e-01,9.997749328613e-01,1.639652252197e-01,2.061402797699e-02
7.109395265579e-01,9.534895420074e-01,5.777980089188e-01,4.845702648163e-02
3.898327350616e-01,3.171038627625e-02,9.777545928955e-04,5.154502391815e-02
8.830175399780e-01,9.404673576355e-01,4.022717475891e-02,4.089772701263e-02
2.292203903198e-02,3.347654342651e-01,1.998913288116e-02,2.024793624878e-02
4.268336296082e-02,6.097381114960e-01,1.139962673187e-02,1.706326007843e-02
2.553844451904e-01,5.128906965256e-01,3.884673118591e-02,1.334738731384e-02
4.854015111923e-01,7.587724924088e-01,9.209692478180e-02,5.511331558228e-02
6.663343906403e-01,5.461456775665e-01,5.679726600647e-03,6.148898601532e-02
7.636114358902e-01,3.649712800980e-01,3.494982719421e-01,9.141778945923e-02
8.127528429031e-01,9.465254545212e-01,4.580237865448e-01,3.490340709686e-02
7.360076904297e-01,6.832988262177e-01,1.539790630341e-02,5.381953716278e-02
5.133622884750e-01,9.492154121399e-01,1.355974674225e-01,4.625713825226e-02
1.068361997604e-01,3.157938718796e-01,6.767034530640e-03,3.825652599335e-02
7.517442703247e-01,3.878064155579e-01,2.453515529633e-01,7.845878601074e-03
4.552193880081e-01,1.422131061554e-02,9.772539138794e-03,9.507083892822e-02
7.792940139771e-01,3.412339687347e-01,2.254480123520e-01,3.586196899414e-02
1.986275911331e-01,3.119421005249e-01,1.005812883377e-01,7.829415798187e-02
9.723861217499e-01,7.004544734955e-01,2.958786487579e-02,5.007719993591e-02
5.109900236130e-01,9.386634826660e-02,2.929735183716e-02,4.437911510468e-02
9.455740451813e-02,3.621946573257e-01,8.941793441772e-02,4.614710807800e-03
2.921342849731e-02,4.275490045547e-01,2.124309539795e-04,4.011654853821e-02
7.074110507965e-01,5.386558771133e-01,5.049587488174e-01,4.070174694061e-02
7.007825374603e-01,9.192897081375e-01,6.443302631378e-01,2.709221839905e-02
9.950499534607e-01,6.952673196793e-01,7.439374923706e-03,3.451168537140e-02
7.244765758514e-01,9.865070581436e-01,5.364915132523e-01,7.388818264008e-02
6.832270622253e-01,1.273870468140e-01,4.845988750458e-02,7.019293308258e-02
1.932924985886e-01,6.482068300247e-01,1.051133871078e-01,3.184628486633e-02
6.642234325409e-02,5.226601362228e-01,6.214118003845e-02,4.378116130829e-02
8.652602434158e-01,3.688828945160e-01,3.204724788666e-01,6.459152698517e-02
8.855801820755e-01,9.086711406708e-01,5.806148052216e-02,4.398667812347e-02
6.088683605194e-01,8.855464458466e-01,3.030371665955e-02,2.810001373291e-03
3.264741897583e-01,7.423365116119e-02,8.640170097351e-03,6.222248077393e-02
5.009905099869e-01,3.177913427353e-01,2.029483318329e-01,7.266819477081e-02
4.253344535828e-01,6.703999042511e-01,5.605828762054e-02,4.604780673981e-02
7.807959318161e-01,7.035324573517e-01,5.206348896027e-01,3.756082057953e-02
1.412792205811e-01,9.919421672821e-01,9.665715694427e-02,8.111822605133e-02
5.827127695084e-01,5.367299318314e-01,5.581641197205e-02,7.026576995850e-02
6.321042776108e-01,8.536661863327e-01,1.440240144730e-01,5.771398544312e-02
3.952169418335e-01,6.198612451553e-01,9.320664405823e-02,4.867839813232e-02
4.117116928101e-01,8.026354312897e-01,1.295275688171e-01,4.645454883575e-02
3.597817420959e-01,5.412280559540e-01,1.262676715851e-01,2.782237529755e-02
1.802096366882e-01,7.933905124664e-01,1.554533243179e-01,7.141375541687e-02
6.722850799561e-01,1.660058498383e-01,8.349049091339e-02,9.874105453491e-02
6.839668750763e-02,3.652979135513e-01,1.531422138214e-02,6.512081623077e-02
5.795162916183e-01,9.478211402893e-02,2.618396282196e-02,3.229928016663e-02
9.453520774841e-01,1.571871042252e-01,3.784549236298e-02,6.919896602631e-02
2.490638494492e-01,9.302439689636e-01,7.600295543671e-02,1.588046550751e-02
4.031956195831e-01,2.639284133911e-01,2.466727495193e-01,4.560387134552e-02
8.450882434845e-01,6.908820867538e-01,5.864824056625e-01,2.482342720032e-02
1.009434461594e-01,1.703932285309e-01,7.861089706421e-02,4.676592350006e-02
8.576573133469e-01,3.061568737030e-02,2.127647399902e-03,4.246115684509e-03
4.782600402832e-01,1.732037067413e-01,1.422706842422e-01,3.073585033417e-02
3.323898315430e-01,2.518439292908e-02,2.433609962463e-02,1.749038696289e-03
6.451307535172e-01,9.592298269272e-01,3.165006637573e-04,6.081449985504e-02
1.172001361847e-01,5.270092487335e-01,1.452231407166e-02,3.905701637268e-02
5.665549039841e-01,3.733291625977e-01,3.491120338440e-01,9.580516815186e-02
6.419217586517e-02,8.300402164459e-01,2.087759971619e-02,1.899588108063e-02
2.362132072449e-01,6.626291275024e-01,2.390336990356e-02,9.272706508636e-02
8.048461675644e-01,6.424169540405e-01,7.695460319519e-02,8.090782165527e-02
8.874273300171e-01,9.930619001389e-01,3.945851325989e-02,4.770314693451e-02
9.535348415375e-01,3.566799163818e-01,2.450764179230e-01,8.107709884644e-02
8.460025787354e-01,6.236003637314e-01,5.428355932236e-01,7.630991935730e-02
2.414089441299e-01,8.141491413116e-01,1.879423856735e-01,1.173830032349e-02
6.537802219391e-01,5.420571565628e-01,1.202189922333e-01,7.636380195618e-02
8.336474895477e-01,6.503081321716e-01,1.053973436356e-01,1.398444175720e-03
8.371984958649e-02,1.918246746063e-01,7.979846000671e-02,2.856922149658e-02
3.429572582245e-01,5.439829826355e-02,4.008173942566e-03,3.859531879425e-02
1.799631118774e-02,2.870391607285e-01,1.220309734344e-02,8.919930458069e-02
7.579066753387e-01,3.923666477203e-01,2.225539684296e-01,1.733744144440e-02
6.593608856201e-01,9.850239753723e-02,3.552079200745e-02,6.563818454742e-02
2.770600318909e-01,4.299336671829e-01,1.051086187363e-01,8.557677268982e-02
9.758250713348e-01,7.983738183975e-01,4.546093940735e-01,6.521034240723e-02
8.470036983490e-01,3.315497636795e-01,2.219601869583e-01,9.607505798340e-02
8.693341016769e-01,1.546218395233e-01,1.285454034805e-01,2.053976058960e-03
6.501606702805e-01,5.310010910034e-01,4.793934822083e-01,2.181529998779e-03
9.893332719803e-01,8.984625339508e-02,7.346642017365e-02,4.336595535278e-03
7.772290706635e-01,3.353356122971e-01,1.063091754913e-01,4.005420207977e-02
5.059148073196e-01,2.621518373489e-01,2.462136745453e-02,8.387053012848e-02
7.344455718994e-01,3.155422210693e-01,3.319478034973e-02,2.144908905029e-02
6.766605377197e-01,2.424919605255e-02,6.937265396118e-03,2.338564395905e-02
1.519391536713e-01,4.493962526321e-01,1.299182176590e-01,2.107143402100e-02
7.282658815384e-01,4.402371644974e-01,4.401632547379e-01,9.192764759064e-02
4.018163681030e-02,3.991022109985e-01,1.477777957916e-02,5.332684516907e-02
8.346116542816e-02,1.281230449677e-01,9.443044662476e-03,7.606697082520e-02
8.863669633865e-01,4.326354265213e-01,1.135969161987e-02,3.482818603516e-02
8.225553035736e-01,3.250515460968e-01,3.025857210159e-01,1.036643981934e-02
5.405726432800e-01,1.550115346909e-01,1.446999311447e-01,5.088603496552e-02
8.500878810883e-01,2.650876045227e-01,7.949841022491e-02,5.345666408539e-02
5.356734991074e-01,9.269586801529e-01,5.062731504440e-01,8.314967155457e-03
9.905612468719e-02,5.913329124451e-02,1.471531391144e-02,6.029105186462e-02
2.004020214081e-01,2.952120304108e-01,1.693856716156e-02,9.358131885529e-02
5.889064073563e-01,2.327871322632e-01,1.082661151886e-01,7.295012474060e-03
4.676038026810e-01,8.122780323029e-01,9.618425369263e-02,9.753143787384e-02
9.360170364380e-01,6.786595582962e-01,5.302097797394e-01,7.969224452972e-02
4.637657403946e-01,8.135101795197e-01,2.793993949890e-01,8.268225193024e-02
2.048478126526e-01,1.624296903610e-01,4.953396320343e-02,5.359923839569e-02
9.442750215530e-01,3.347500562668e-01,1.920156478882e-01,7.921004295349e-02
3.183701038361e-01,9.870117902756e-01,2.782427072525e-01,8.713150024414e-02
2.534149885178e-01,6.079382896423e-01,4.262220859528e-02,5.864262580872e-02
5.511555671692e-01,6.105417013168e-01,3.564906120300e-02,4.445374011993e-02
5.169233083725e-01,3.436262607574e-01,1.381005048752e-01,4.579591751099e-02
7.828738689423e-01,7.428069114685e-01,5.097579956055e-01,7.764554023743e-02
8.526312112808e-01,7.867467403412e-01,9.389209747314e-02,9.466528892517e-03
5.581762790680e-01,7.867105007172e-01,2.700254917145e-01,6.821095943451e-02
7.022657394409e-01,5.265107154846e-01,4.462817907333e-01,2.557575702667e-02
2.037272453308e-01,3.682845830917e-01,1.593765020370e-01,3.297901153564e-02
6.731901168823e-01,3.797487020493e-01,2.539185285568e-01,6.792581081390e-02
6.184164285660e-01,2.499889135361e-01,1.256306171417e-01,9.315800666809e-02
7.999218702316e-01,3.122433423996e-01,1.471769809723e-01,8.744943141937e-02
7.528585195541e-01,8.698573112488e-01,2.591087818146e-01,8.949744701385e-02
9.422907829285e-01,1.883275508881e-01,1.234545707703e-01,4.399633407593e-02
8.720135688782e-01,9.593664407730e-01,5.845799446106e-01,9.647774696350e-02
9.424113035202e-01,8.369363546371e-01,3.043532371521e-01,6.663489341736e-02
1.051526069641e-01,6.653810739517e-01,4.468321800232e-02,2.274274826050e-03
8.443888425827e-01,1.760864257812e-02,1.408362388611e-02,1.504945755005e-02
9.240369796753e-01,2.196861505508e-01,7.211136817932e-02,8.941256999969e-02
6.128996610641e-01,8.552380800247e-01,1.777219772339e-02,4.383850097656e-02
4.578698873520e-01,9.518576860428e-01,2.195202112198e-01,9.377968311310e-02
5.087418556213e-01,9.003863334656e-01,1.310707330704e-01,5.406582355499e-02
4.537096023560e-01,3.994848728180e-01,4.056370258331e-02,7.989406585693e-02
6.908420324326e-01,1.127036809921e-01,9.997761249542e-02,4.312324523926e-02
4.041235446930e-01,8.960539102554e-01,1.597716808319e-01,7.251596450806e-02
2.350080013275e-01,9.373327493668e-01,1.708058118820e-01,2.058196067810e-02
4.823106527328e-01,7.473655939102e-01,3.584861755371e-03,8.676707744598e-02
7.771116495132e-01,7.718528509140e-01,2.886120080948e-01,8.153152465820e-02
5.755201578140e-01,1.061375141144e-01,4.690730571747e-02,8.066010475159e-02
4.630256891251e-01,1.878484487534e-01,3.371512889862e-02,9.208750724792e-02
3.330796957016e-01,8.679354190826e-01,2.382100820541e-01,8.965873718262e-02
7.108403444290e-01,8.856699466705e-01,4.307538270950e-01,4.640078544617e-02
5.903198719025e-01,8.204360008240e-01,1.323015689850e-01,4.551208019257e-02
9.886268377304e-01,2.388873100281e-01,1.164540052414e-01,8.980035781860e-03
9.867144823074e-01,2.536900043488e-01,7.488477230072e-02,2.776551246643e-02
4.470717906952e-01,9.528529644012e-02,4.202628135681e-02,9.576582908630e-02
8.315162658691e-01,4.887928962708e-01,3.605945110321e-01,1.853966712952e-02
6.146467924118e-01,1.127475500107e-01,1.040357351303e-01,5.077004432678e-02
4.609993696213e-01,7.468752861023e-01,3.978019952774e-01,7.827019691467e-02
2.040681838989e-01,7.055654525757e-01,8.902823925018e-02,7.164669036865e-02
3.261923789978e-02,4.882900714874e-01,1.547741889954e-02,2.303779125214e-02
1.919198036194e-01,7.154064178467e-01,5.869424343109e-02,4.529082775116e-02
8.041961193085e-01,1.419076919556e-01,6.646275520325e-02,8.604311943054e-02
4.889432191849e-01,2.452123165131e-01,5.351638793945e-02,3.503620624542e-02
6.904338598251e-01,7.029911279678e-01,2.498190402985e-01,1.594901084900e-03
4.314036369324e-01,6.101377010345e-01,1.924089193344e-01,2.466571331024e-02
9.022327661514e-01,3.174228668213e-01,2.268223762512e-01,4.507708549500e-02
9.823427200317e-01,4.082828760147e-01,2.382429838181e-01,7.171380519867e-02
8.569232225418e-01,4.477250576019e-02,4.361867904663e-02,6.683349609375e-03
9.421932697296e-01,6.014578342438e-01,4.693367481232e-01,4.577124118805e-02
6.337335109711e-01,6.922554969788e-01,1.502563953400e-01,9.058165550232e-02
8.343998193741e-01,7.104910612106e-01,1.464110612869e-01,4.178094863892e-02
8.531200885773e-02,5.166209936142e-01,3.113448619843e-02,7.384324073792e-02
9.402741193771e-01,7.899689674377e-01,4.119646549225e-01,3.133988380432e-02
6.442344188690e-01,3.820817470551e-01,2.792065143585e-01,7.830286026001e-02
5.166010856628e-01,6.781134605408e-01,3.369724750519e-01,8.560931682587e-02
1.914372444153e-01,2.191442251205e-01,4.711508750916e-02,8.324861526489e-02
7.836462259293e-01,1.499572992325e-01,9.992301464081e-02,4.822397232056e-02
3.566507101059e-01,9.818990230560e-01,1.379228830338e-01,7.685351371765e-02
8.632644414902e-01,2.644735574722e-01,1.063811779022e-01,3.381013870239e-02
2.818307876587e-01,1.333427429199e-02,3.242850303650e-03,7.106113433838e-02
8.353612422943e-01,3.046314716339e-01,1.762130260468e-01,2.557897567749e-02
4.359284639359e-01,7.124364376068e-01,5.509257316589e-03,5.989050865173e-02
5.092647075653e-01,6.260931491852e-01,6.230723857880e-02,3.863334655762e-02
5.291637182236e-01,9.629070758820e-01,5.187681913376e-01,2.789616584778e-02
1.007074117661e-01,3.863283395767e-01,7.920229434967e-02,6.151676177979e-02
5.524346828461e-01,5.465794801712e-01,4.557603597641e-01,5.430555343628e-02
9.960228204727e-01,3.508465290070e-01,2.529405355453e-01,8.724153041840e-02
8.115795850754e-01,4.183660745621e-01,3.245675563812e-01,4.115700721741e-03
6.397693157196e-01,9.193646907806e-01,3.264905214310e-01,1.204013824463e-02
7.801960706711e-01,3.921693563461e-01,1.169354915619e-01,1.692974567413e-02
8.227303028107e-01,9.444309473038e-01,6.059843301773e-01,7.605588436127e-02
2.421463727951e-01,6.842365264893e-01,5.886399745941e-02,5.527627468109e-02
8.103609085083e-03,4.269009828568e-01,3.920674324036e-03,9.488248825073e-02
7.697236537933e-01,8.690022230148e-01,4.656139612198e-01,3.169131278992e-02
7.869611978531e-01,8.823764324188e-02,7.247507572174e-02,5.349862575531e-02
1.942939758301e-01,9.273958206177e-01,1.319230794907e-01,3.709912300110e-03
2.326133251190e-01,7.648388147354e-01,8.322548866272e-02,9.235143661499e-03
8.553135395050e-01,2.257379293442e-01,1.141654253006e-01,2.609074115753e-02
6.327615976334e-01,7.970387935638e-01,5.371811389923e-01,2.022385597229e-02
9.914236068726e-01,6.162512302399e-02,5.867099761963e-02,8.592820167542e-02
8.381603956223e-01,9.410593509674e-01,8.068442344666e-02,6.561708450317e-02
3.768306970596e-01,8.839098215103e-01,6.855916976929e-02,3.000807762146e-02
5.124803781509e-01,5.700793266296e-01,3.706241846085e-01,9.541606903076e-02
7.586674690247e-01,4.703559875488e-01,1.546814441681e-01,7.604050636292e-02
5.638689994812e-01,4.860714673996e-01,3.498699665070e-01,1.934981346130e-02
3.277972936630e-01,5.416438579559e-01,2.688980102539e-01,4.955506324768e-02
6.738998889923e-01,5.433738231659e-02,3.825855255127e-02,1.337349414825e-02
1.350142955780e-01,3.321422338486e-01,5.630779266357e-02,6.132256984711e-02
2.524011135101e-01,8.349658250809e-01,1.394739151001e-01,1.145601272583e-03
8.500865697861e-01,8.132970333099e-01,5.622512102127e-01,3.847122192383e-02
7.973767518997e-01,2.278428077698e-01,1.182465553284e-01,9.726309776306e-02
9.589912891388e-01,5.362665653229e-01,2.826652526855e-01,8.855974674225e-02
2.123236656189e-01,8.600984811783e-01,1.433690786362e-01,9.993100166321e-02
1.813986301422e-01,5.426876544952e-01,2.708995342255e-02,5.922782421112e-02
3.463238477707e-01,1.807690858841e-01,4.529476165771e-02,3.861773014069e-02
9.319063425064e-01,9.822380542755e-01,7.539275884628e-01,7.367873191833e-02
6.945084333420e-01,9.574283361435e-01,4.699749946594e-01,3.377437591553e-02
7.468066215515e-01,6.940627098083e-01,2.803086042404e-01,7.635998725891e-02
3.028097152710e-01,3.693561553955e-01,2.025587558746e-01,5.892324447632e-02
4.720383882523e-01,4.931558370590e-01,1.948498487473e-01,1.634120941162e-02
6.770920753479e-02,8.557062149048e-01,2.840578556061e-02,7.629239559174e-02
9.321429729462e-01,2.279313802719e-01,9.758591651917e-02,5.081868171692e-02
7.674682140350e-01,6.530863046646e-01,4.126772880554e-01,7.779455184937e-02
3.883630037308e-01,9.285447597504e-01,3.581428527832e-02,2.741229534149e-02
8.001356124878e-01,6.838034391403e-01,2.114932537079e-01,2.296924591064e-02
2.649147510529e-01,1.189005374908e-01,6.539309024811e-02,7.722163200378e-02
8.402928113937e-01,1.049518585205e-02,9.113073348999e-03,8.546614646912e-02
1.769937276840e-01,7.336854934692e-03,5.339384078979e-04,7.507765293121e-02
7.025915384293e-01,7.125365734100e-01,4.782127141953e-01,8.689212799072e-02
3.789143562317e-01,1.534394025803e-01,1.497912406921e-01,9.355843067169e-02
8.210439682007e-01,5.732059478760e-01,1.947576999664e-01,7.275354862213e-02
9.027334451675e-01,8.269019126892e-01,2.676941156387e-01,5.024027824402e-02
2.445803880692e-01,7.742419242859e-01,1.380653381348e-01,8.877956867218e-02
1.172866821289e-01,9.248498678207e-01,5.666482448578e-02,4.875206947327e-02
7.678558826447e-01,6.831116676331e-01,2.538443803787e-01,3.274261951447e-02
6.224139928818e-01,8.030382394791e-01,1.127456426620e-01,5.606806278229e-02
9.280889034271e-01,6.004555225372e-01,1.590371131897e-03,7.881569862366e-02
2.217104434967e-01,3.076152801514e-01,1.985346078873e-01,7.330119609833e-02
5.681564807892e-01,2.163163423538e-01,1.705195903778e-01,6.649267673492e-02
3.055887222290e-01,8.783733844757e-02,8.015537261963e-02,2.561533451080e-02
5.766130685806e-01,8.090693950653e-01,1.339519023895e-01,6.064188480377e-02
6.958695650101e-01,2.826155424118e-01,2.699375152588e-02,6.914293766022e-02
2.568689584732e-01,1.655617952347e-01,9.978079795837e-02,7.719457149506e-02
3.158646821976e-01,3.736126422882e-02,1.508963108063e-02,4.837882518768e-02
1.108388900757e-01,1.817870140076e-02,8.860826492310e-04,6.271302700043e-02
7.934621572495e-01,2.808091640472e-01,1.996444463730e-01,8.886194229126e-02
6.717512607574e-01,9.262468814850e-01,1.363345384598e-01,9.921455383301e-02
8.265541791916e-01,7.421717643738e-01,3.247132301331e-01,5.162191390991e-02
5.190106630325e-01,5.078043937683e-01,3.799893856049e-01,4.030072689056e-02
6.358114480972e-01,5.522688627243e-01,2.176413536072e-01,4.248809814453e-02
3.150719404221e-01,8.507758378983e-01,1.733316183090e-01,5.558490753174e-02
9.725303649902e-01,7.401419878006e-01,1.485567092896e-01,7.348787784576e-02
1.966810226440e-01,3.292405605316e-02,3.045463562012e-02,6.904911994934e-02
5.949993133545e-01,6.121436357498e-01,4.257600307465e-01,6.710422039032e-02
6.228063106537e-01,5.373650789261e-01,7.384896278381e-02,6.146109104156e-02
4.599225521088e-01,6.497566699982e-01,1.970566511154e-01,9.122371673584e-02
5.800709724426e-01,4.387464523315e-01,1.578819751740e-01,8.372426033020e-02
8.224915266037e-01,5.735445022583e-01,3.965559005737e-01,7.615017890930e-02
2.843995094299e-01,1.046501398087e-01,7.336580753326e-02,9.168756008148e-02
5.195665359497e-02,8.068367242813e-01,3.972423076630e-02,3.791153430939e-02
5.554318428040e-02,1.484663486481e-01,7.748603820801e-06,2.050292491913e-02
6.713749170303e-01,5.342451334000e-01,1.693252325058e-01,5.274462699890e-02
8.655568361282e-01,9.123479127884e-01,3.533068895340e-01,5.301225185394e-02
3.474183082581e-01,8.830394744873e-01,2.259564399719e-02,9.072268009186e-02
6.846914291382e-01,9.243879318237e-01,8.968770503998e-02,1.928186416626e-02
6.921112537384e-01,3.462644815445e-01,1.768054962158e-01,2.632439136505e-02
4.260987043381e-01,6.271021366119e-01,1.523978710175e-01,9.917581081390e-02
4.997051954269e-01,7.232975959778e-01,2.587583065033e-01,5.970406532288e-02
9.557445049286e-01,4.841510057449e-01,3.070642948151e-01,6.521785259247e-02
5.908417701721e-02,2.933605909348e-01,2.072560787201e-02,8.583378791809e-02
6.652488708496e-01,3.985168933868e-01,1.736898422241e-01,5.010926723480e-02
7.836432456970e-01,6.141482591629e-01,4.423143863678e-01,1.913857460022e-02
8.638960123062e-01,5.062162876129e-01,7.928681373596e-02,7.593894004822e-02
3.848741054535e-01,8.539723157883e-01,2.072755098343e-01,3.592777252197e-02
7.757151126862e-01,3.957421779633e-01,1.378078460693e-01,4.068279266357e-02
9.314670562744e-01,1.625214815140e-01,8.249998092651e-02,9.918129444122e-02
7.679017782211e-01,2.279133796692e-01,6.092560291290e-02,8.729743957520e-02
3.388190269470e-01,9.903397560120e-01,6.776034832001e-02,3.077983856201e-04
5.243681669235e-01,7.094235420227e-01,3.547353744507e-01,5.009686946869e-02
9.026948213577e-01,9.978063106537e-01,2.956556081772e-01,6.010293960571e-02
5.051112174988e-01,5.256503820419e-01,2.261658906937e-01,4.551041126251e-02
3.193929195404e-01,6.930366754532e-01,1.247184276581e-01,3.178858757019e-02
7.044482231140e-02,4.888792037964e-01,1.076161861420e-02,5.309820175171e-03
9.526659250259e-01,3.652279376984e-01,1.161040067673e-01,4.415869712830e-03
5.206538438797e-01,8.432310819626e-01,3.765964508057e-01,9.935259819031e-02
5.371053218842e-01,2.590703964233e-01,1.568479537964e-01,3.417158126831e-02
5.550044775009e-01,8.479449748993e-01,4.900729656219e-02,1.005876064301e-02
3.147168159485e-01,8.451776504517e-01,2.201464176178e-01,7.154488563538e-02
4.750409126282e-01,2.476563453674e-01,7.693064212799e-02,3.316247463226e-02
9.469277858734e-01,4.664098024368e-01,2.991393804550e-01,4.094469547272e-02
4.683539867401e-01,2.072793245316e-01,1.451072692871e-01,7.499015331268e-02
2.320271730423e-01,9.386260509491e-01,2.181124687195e-01,9.366583824158e-02
3.969323635101e-02,6.276983022690e-01,5.507111549377e-03,3.652179241180e-02
3.456295728683e-01,2.331262826920e-01,1.527166366577e-01,5.839979648590e-02
4.481037855148e-01,5.050112009048e-01,3.285274505615e-01,3.793334960938e-02
2.765678167343e-01,6.941862106323e-01,2.764061689377e-01,3.925490379333e-02
4.381474256516e-01,8.773533105850e-01,3.525528907776e-01,3.613471984863e-03
7.898640632629e-01,2.816178798676e-01,4.877114295959e-02,1.016628742218e-02
2.177543640137e-01,5.864291191101e-01,2.000774145126e-01,7.981455326080e-02
6.563326120377e-01,9.673993587494e-01,2.761200666428e-01,5.085849761963e-02
2.237128019333e-01,8.514275550842e-01,2.817010879517e-02,5.719101428986e-02
1.532698869705e-01,7.705707550049e-01,6.518876552582e-02,4.057335853577e-02
3.977264165878e-01,5.532252788544e-01,3.164917230606e-01,3.205525875092e-02
2.275919914246e-01,3.795826435089e-01,2.577042579651e-02,6.630611419678e-02
2.032021284103e-01,3.181064128876e-02,2.314150333405e-02,8.428525924683e-02
8.182662725449e-01,1.653325557709e-01,6.629765033722e-02,3.586077690125e-02
8.262044191360e-01,9.935357570648e-01,5.114389657974e-01,9.975314140320e-03
9.050363302231e-01,9.390699863434e-02,1.442670822144e-02,1.204633712769e-02
6.557397842407e-01,4.358662366867e-01,3.502118587494e-01,3.899252414703e-02
8.493007421494e-01,5.286698341370e-01,3.657088279724e-01,5.126309394836e-02
7.220627069473e-01,2.381458282471e-01,1.382335424423e-01,2.828598022461e-02
1.514619588852e-01,8.165407180786e-01,1.218731403351e-01,9.003210067749e-02
5.749706029892e-01,1.344561576843e-01,1.118061542511e-01,3.809249401093e-02
7.435365915298e-01,2.711277008057e-01,8.834564685822e-02,6.035816669464e-02
9.941732883453e-01,5.616035461426e-01,1.851460933685e-01,5.703902244568e-02
5.310177803040e-01,9.369965791702e-01,2.940564155579e-01,8.967411518097e-02
6.957614421844e-02,2.862986326218e-01,2.910304069519e-02,7.193088531494e-03
7.851685285568e-01,2.009754180908e-01,1.221983432770e-01,1.537740230560e-02
6.990184783936e-01,2.091640233994e-01,1.539762020111e-01,7.744395732880e-02
2.942467927933e-01,3.719526529312e-01,1.586607694626e-01,4.062294960022e-03
1.739497184753e-01,6.984877586365e-01,5.513620376587e-02,1.648986339569e-02
1.911695003510e-01,9.976186752319e-01,7.470381259918e-02,9.080815315247e-02
3.595466613770e-01,7.775959968567e-01,2.524151802063e-01,3.550052642822e-04
5.282381772995e-01,9.025202989578e-01,7.353317737579e-02,6.170749664307e-03
3.256858587265e-01,8.876575231552e-01,3.046572208405e-02,6.784617900848e-02
2.030884027481e-01,2.324289083481e-01,1.185309886932e-01,9.995222091675e-02
6.710460186005e-01,7.623846530914e-01,4.483776092529e-01,1.164793968201e-02
7.182916402817e-01,9.942194223404e-01,4.753932952881e-01,9.243631362915e-02
6.849815845490e-01,2.321320772171e-01,2.212378978729e-01,6.541144847870e-02
7.221364974976e-01,9.755213260651e-01,2.706241607666e-01,6.200516223907e-02
4.528245925903e-01,6.919020414352e-01,2.167862653732e-01,5.183804035187e-02
4.868388175964e-01,4.912984371185e-02,4.632449150085e-02,5.526649951935e-02
4.757887125015e-01,7.244812250137e-01,4.168398380280e-01,1.744544506073e-02
7.550972700119e-01,6.844158172607e-01,2.516250610352e-01,2.129995822906e-02
7.332965135574e-01,2.506365776062e-01,1.558927297592e-01,6.525337696075e-02
6.051927804947e-01,7.159117460251e-01,5.539462566376e-01,3.659367561340e-03
6.688387393951e-01,8.989260196686e-01,3.545101881027e-01,5.593597888947e-02
3.645942211151e-01,9.296153783798e-01,1.464884281158e-01,7.308161258698e-02
9.190427064896e-01,4.269766807556e-02,2.017819881439e-02,5.557537078857e-03
7.054352760315e-01,7.679409980774e-01,9.964978694916e-02,7.471072673798e-02
1.332424879074e-01,2.745316028595e-01,1.326271295547e-01,3.721916675568e-02
2.848154306412e-01,1.018112897873e-01,4.620397090912e-02,5.878305435181e-02
2.294350862503e-01,8.635079860687e-01,7.140028476715e-02,4.501116275787e-02
1.420799493790e-01,8.417568206787e-01,1.366856098175e-01,5.781865119934e-02
3.870663642883e-01,7.645049095154e-01,1.725971698761e-02,2.520120143890e-02
1.234555244446e-01,4.243040084839e-02,3.302848339081e-02,7.150208950043e-02
9.442372322083e-01,4.021667242050e-01,7.057929039001e-02,6.013774871826e-02
5.420815944672e-01,3.441936969757e-01,2.026374340057e-01,5.751669406891e-02
2.273325920105e-01,4.735275506973e-01,8.520901203156e-02,7.909810543060e-02
9.851195812225e-01,9.564561843872e-01,1.382039785385e-01,4.481732845306e-02
4.846272468567e-01,3.585801124573e-01,1.512268781662e-01,2.462029457092e-02
1.602411270142e-03,2.819836139679e-01,1.270174980164e-03,9.439027309418e-02
